time_hrs,fossil_fuel,nuclear,solar
0,781.4705066,622,-1.960506642
0.083333333,781.4705066,622,-1.960506642
0.166666667,781.4705066,622,-1.960506642
0.25,781.4705066,622,-1.960506642
0.333333333,781.4705066,622,-1.960506642
0.416666667,781.4705066,622,-1.960506642
0.5,781.4705066,622,-1.960506642
0.583333333,775.1185066,622,-1.960506642
0.666666667,768.7665066,622,-1.960506642
0.75,762.4155066,622,-1.960506642
0.833333333,756.0635066,622,-1.960506642
0.916666667,749.7115066,622,-1.960506642
1,743.3595066,622,-1.960506642
1.083333333,737.0075066,622,-1.960506642
1.166666667,730.6555066,622,-1.960506642
1.25,724.3045066,622,-1.960506642
1.333333333,717.9525066,622,-1.960506642
1.416666667,711.6005066,622,-1.960506642
1.5,711.6005066,622,-1.960506642
1.583333333,707.6155066,622,-1.960506642
1.666666667,703.6295066,622,-1.960506642
1.75,699.6445066,622,-1.960506642
1.833333333,695.6585066,622,-1.960506642
1.916666667,691.6735066,622,-1.960506642
2,687.6875066,622,-1.960506642
2.083333333,683.7025066,622,-1.960506642
2.166666667,679.7165066,622,-1.960506642
2.25,675.7315066,622,-1.960506642
2.333333333,671.7455066,622,-1.960506642
2.416666667,667.7605066,622,-1.960506642
2.5,667.7605066,622,-1.960506642
2.583333333,667.8855066,622,-1.960506642
2.666666667,668.0095066,622,-1.960506642
2.75,668.1345066,622,-1.960506642
2.833333333,668.2585066,622,-1.960506642
2.916666667,668.3835066,622,-1.960506642
3,668.5075066,622,-1.960506642
3.083333333,668.6325066,622,-1.960506642
3.166666667,668.7565066,622,-1.960506642
3.25,668.8815066,622,-1.960506642
3.333333333,669.0055066,622,-1.960506642
3.416666667,669.1305066,622,-1.960506642
3.5,669.1305066,622,-1.960506642
3.583333333,673.9875066,622,-1.960506642
3.666666667,678.8455066,622,-1.960506642
3.75,683.7025066,622,-1.960506642
3.833333333,688.5595066,622,-1.960506642
3.916666667,693.4165066,622,-1.960506642
4,698.2745066,622,-1.960506642
4.083333333,703.1315066,622,-1.960506642
4.166666667,707.9885066,622,-1.960506642
4.25,712.8455066,622,-1.960506642
4.333333333,717.7035066,622,-1.960506642
4.416666667,722.5605066,622,-1.960506642
4.5,722.5605066,622,-1.960506642
4.583333333,728.6635066,622,-1.960506642
4.666666667,734.7655066,622,-1.960506642
4.75,740.8685066,622,-1.960506642
4.833333333,746.9715066,622,-1.960506642
4.916666667,753.0745066,622,-1.960506642
5,759.1765066,622,-1.960506642
5.083333333,765.2795066,622,-1.960506642
5.166666667,771.3825066,622,-1.960506642
5.25,777.4855066,622,-1.960506642
5.333333333,783.5875066,622,-1.960506642
5.416666667,789.6905066,622,-1.960506642
5.5,789.6905066,622,-1.960506642
5.583333333,794.9215066,622,-1.960506642
5.666666667,800.1525066,622,-1.960506642
5.75,805.3835066,622,-1.960506642
5.833333333,810.6145066,622,-1.960506642
5.916666667,815.8455066,622,-1.960506642
6,821.0755066,622,-1.960506642
6.083333333,826.3065066,622,-1.960506642
6.166666667,831.0960348,622,-1.519034819
6.25,835.2465659,622,-0.438565926
6.333333333,838.352678,622,1.686321974
6.416666667,840.7085543,622,4.561445723
6.5,836.8284859,622,8.441514125
6.583333333,842.0305991,622,13.45240091
6.666666667,846.0960598,622,19.59894023
6.75,848.8672735,622,27.04072653
6.833333333,850.4689956,622,35.65200438
6.916666667,850.8465632,622,45.48743683
7,849.8148391,622,56.73116091
7.083333333,847.9926767,622,68.7663233
7.166666667,845.3014944,622,81.67050565
7.25,841.701026,622,95.48397403
7.333333333,839.4047061,622,107.9922939
7.416666667,834.6659619,622,122.9440381
7.5,821.5303693,622,136.0796307
7.583333333,824.6925311,622,143.7524689
7.666666667,824.78601,622,154.49499
7.75,825.1870291,622,164.9289709
7.833333333,830.1324697,622,170.8195303
7.916666667,828.0958282,622,183.6911718
8,813.2581841,622,209.3648159
8.083333333,802.2472711,622,231.2107289
8.166666667,782.3794779,622,261.9145221
8.25,744.2928832,622,310.8361168
8.333333333,706.233217,622,359.731783
8.416666667,664.0948639,622,412.7051361
8.5,620.9838116,622,455.8161884
8.583333333,588.1512082,622,497.3667918
8.666666667,534.0019802,622,560.2340198
8.75,473.5903887,622,629.3646113
8.833333333,418.7008264,622,692.9721736
8.916666667,395.7007414,622,724.6902586
9,395.7595345,622,733.3494655
9.083333333,405.2939306,622,732.5330694
9.166666667,430.5595854,622,715.9854146
9.25,457.5536869,622,697.7103131
9.333333333,431.1673331,622,732.8146669
9.416666667,389.1044851,622,783.5955149
9.5,339.1995303,622,833.5004697
9.583333333,321.3594656,622,863.5455344
9.666666667,361.160328,622,835.950672
9.75,343.1346727,622,866.1813273
9.833333333,305.6723544,622,915.8496456
9.916666667,275.3355144,622,958.3914856
10,232.864615,622,1013.068385
10.08333333,176.938238,622,1081.199762
10.16666667,130.949906,622,1139.394094
10.25,131.91467,622,1150.63433
10.33333333,159.806968,622,1134.948032
10.41666667,146.541426,622,1160.418574
10.5,163.967002,622,1142.992998
10.58333333,98.651165,622,1221.759835
10.66666667,92.517111,622,1241.344889
10.75,86.173127,622,1261.139873
10.83333333,63.792285,622,1296.971715
10.91666667,35.531701,622,1338.683299
11,21.148174,622,1366.516826
11.08333333,48.733136,622,1352.382864
11.16666667,117.916097,622,1296.650903
11.25,173.90657,622,1254.11143
11.33333333,253.091481,622,1188.377519
11.41666667,258.731447,622,1196.188553
11.5,279.980732,622,1174.939268
11.58333333,311.914621,622,1156.082379
11.66666667,344.474907,622,1136.600093
11.75,359.325667,622,1134.826333
11.83333333,385.259129,622,1121.969871
11.91666667,405.684708,622,1114.621292
12,376.609966,622,1156.774034
12.08333333,330.139073,622,1216.321927
12.16666667,278.036229,622,1281.501771
12.25,238.370326,622,1334.244674
12.33333333,225.596461,622,1360.096539
12.41666667,228.488963,622,1370.281037
12.5,223.908694,622,1374.861306
12.58333333,229.437381,622,1377.677619
12.66666667,235.114825,622,1380.344175
12.75,253.782249,622,1370.021751
12.83333333,286.189818,622,1345.958182
12.91666667,301.606194,622,1338.886806
13,289.107248,622,1359.729752
13.08333333,253.843853,622,1403.338147
13.16666667,243.88706,622,1421.63894
13.25,238.857025,622,1435.013975
13.33333333,234.908433,622,1447.306567
13.41666667,209.478638,622,1481.081362
13.5,183.419209,622,1507.140791
13.58333333,185.615575,622,1508.929425
13.66666667,208.348935,622,1490.182065
13.75,264.093783,622,1438.422217
13.83333333,320.108719,622,1386.393281
13.91666667,307.176912,622,1403.310088
14,346.03908,622,1368.43392
14.08333333,367.998315,622,1350.459685
14.16666667,363.065146,622,1359.378854
14.25,354.772767,622,1371.656233
14.33333333,410.306655,622,1320.108345
14.41666667,459.044694,622,1275.355306
14.5,478.702429,622,1255.697571
14.58333333,473.920602,622,1260.604398
14.66666667,391.158261,622,1343.490739
14.75,326.022623,622,1408.751377
14.83333333,344.741184,622,1390.156816
14.91666667,329.600761,622,1405.422239
15,373.908859,622,1361.238141
15.08333333,387.782442,622,1347.489558
15.16666667,403.917269,622,1331.478731
15.25,377.944978,622,1357.576022
15.33333333,352.538601,622,1383.106399
15.41666667,330.887631,622,1404.882369
15.5,310.470293,622,1425.299707
15.58333333,324.605384,622,1405.186616
15.66666667,339.27595,622,1384.53805
15.75,354.932628,622,1362.902372
15.83333333,371.251537,622,1340.605463
15.91666667,329.550209,622,1376.328791
16,349.0343,622,1350.8667
16.08333333,367.924434,622,1325.998566
16.16666667,408.837315,622,1279.107685
16.25,450.530773,622,1231.435227
16.33333333,489.227723,622,1186.760277
16.41666667,524.126656,622,1145.883344
16.5,563.798771,622,1106.211229
16.58333333,615.603754,622,1047.182246
16.66666667,689.882095,622,965.680905
16.75,754.6878896,622,893.6511104
16.83333333,804.588287,622,836.526713
16.91666667,850.8387208,622,783.0532792
17,897.2284462,622,729.4395538
17.08333333,908.3728359,622,711.0721641
17.16666667,912.7098828,622,699.5111172
17.25,921.8881752,622,683.1088248
17.33333333,943.3208453,622,654.4531547
17.41666667,960.3791342,622,630.1708658
17.5,966.886977,622,623.663023
17.58333333,940.4634064,622,638.6285936
17.66666667,924.7097772,622,642.9242228
17.75,925.8310515,622,630.3439485
17.83333333,930.8835206,622,613.8334794
17.91666667,936.8071501,622,596.4518499
18,957.565524,622,564.235476
18.08333333,985.4562582,622,524.8867418
18.16666667,1013.104981,622,485.7800191
18.25,1033.57065,622,453.8553505
18.33333333,1060.458856,622,415.5091438
18.41666667,1086.782347,622,377.7276534
18.5,1123.913526,622,340.5964739
18.58333333,1156.754011,622,304.517989
18.66666667,1187.646403,622,270.3875974
18.75,1217.666127,622,237.1288734
18.83333333,1245.856535,622,205.7004654
18.91666667,1271.736052,622,176.5829484
19,1295.636375,622,149.4446255
19.08333333,1316.792106,622,125.0508943
19.16666667,1335.190575,622,103.4144249
19.25,1351.175082,622,84.19091799
19.33333333,1364.533595,622,67.59440452
19.41666667,1375.245417,622,53.6445828
19.5,1387.284728,622,41.6052725
19.58333333,1388.218853,622,31.45514727
19.66666667,1387.037631,622,23.41936947
19.75,1384.052649,622,17.1883509
19.83333333,1379.830701,622,12.19429911
19.91666667,1374.395599,622,8.412401069
20,1368.265022,622,5.326978433
20.08333333,1361.566436,622,2.808563976
20.16666667,1354.149861,622,1.009139204
20.25,1346.19628,622,-0.25327952
20.33333333,1338.172377,622,-1.446377262
20.41666667,1329.470507,622,-1.960506642
20.5,1329.470507,622,-1.960506642
20.58333333,1313.155507,622,-1.960506642
20.66666667,1296.839507,622,-1.960506642
20.75,1280.524507,622,-1.960506642
20.83333333,1264.208507,622,-1.960506642
20.91666667,1247.893507,622,-1.960506642
21,1231.577507,622,-1.960506642
21.08333333,1215.262507,622,-1.960506642
21.16666667,1198.946507,622,-1.960506642
21.25,1182.631507,622,-1.960506642
21.33333333,1166.315507,622,-1.960506642
21.41666667,1150.000507,622,-1.960506642
21.5,1150.000507,622,-1.960506642
21.58333333,1134.432507,622,-1.960506642
21.66666667,1118.864507,622,-1.960506642
21.75,1103.295507,622,-1.960506642
21.83333333,1087.727507,622,-1.960506642
21.91666667,1072.159507,622,-1.960506642
22,1056.591507,622,-1.960506642
22.08333333,1041.023507,622,-1.960506642
22.16666667,1025.455507,622,-1.960506642
22.25,1009.886507,622,-1.960506642
22.33333333,994.3185066,622,-1.960506642
22.41666667,978.7505066,622,-1.960506642
22.5,978.7505066,622,-1.960506642
22.58333333,967.5415066,622,-1.960506642
22.66666667,956.3325066,622,-1.960506642
22.75,945.1235066,622,-1.960506642
22.83333333,933.9145066,622,-1.960506642
22.91666667,922.7055066,622,-1.960506642
23,911.4955066,622,-1.960506642
23.08333333,900.2865066,622,-1.960506642
23.16666667,889.0775066,622,-1.960506642
23.25,877.8685066,622,-1.960506642
23.33333333,866.6595066,622,-1.960506642
23.41666667,855.4505066,622,-1.960506642
23.5,855.4505066,622,-1.960506642
23.58333333,846.7325066,622,-1.960506642
23.66666667,838.0145066,622,-1.960506642
23.75,829.2955066,622,-1.960506642
23.83333333,820.5775066,622,-1.960506642
23.91666667,811.8595066,622,-1.960506642
24,803.1415066,622,-1.960506642
24.08333333,794.4235066,622,-1.960506642
24.16666667,785.7055066,622,-1.960506642
24.25,776.9865066,622,-1.960506642
24.33333333,768.2685066,622,-1.960506642
24.41666667,759.5505066,622,-1.960506642
24.5,759.5505066,622,-1.960506642
24.58333333,753.6965066,622,-1.960506642
24.66666667,747.8435066,622,-1.960506642
24.75,741.9895066,622,-1.960506642
24.83333333,736.1355066,622,-1.960506642
24.91666667,730.2825066,622,-1.960506642
25,724.4285066,622,-1.960506642
25.08333333,718.5755066,622,-1.960506642
25.16666667,712.7215066,622,-1.960506642
25.25,706.8675066,622,-1.960506642
25.33333333,701.0145066,622,-1.960506642
25.41666667,695.1605066,622,-1.960506642
25.5,695.1605066,622,-1.960506642
25.58333333,692.2955066,622,-1.960506642
25.66666667,689.4315066,622,-1.960506642
25.75,686.5665066,622,-1.960506642
25.83333333,683.7025066,622,-1.960506642
25.91666667,680.8375066,622,-1.960506642
26,677.9735066,622,-1.960506642
26.08333333,675.1085066,622,-1.960506642
26.16666667,672.2445066,622,-1.960506642
26.25,669.3795066,622,-1.960506642
26.33333333,666.5155066,622,-1.960506642
26.41666667,663.6505066,622,-1.960506642
26.5,663.6505066,622,-1.960506642
26.58333333,663.1525066,622,-1.960506642
26.66666667,662.6545066,622,-1.960506642
26.75,662.1555066,622,-1.960506642
26.83333333,661.6575066,622,-1.960506642
26.91666667,661.1595066,622,-1.960506642
27,660.6615066,622,-1.960506642
27.08333333,660.1635066,622,-1.960506642
27.16666667,659.6655066,622,-1.960506642
27.25,659.1665066,622,-1.960506642
27.33333333,658.6685066,622,-1.960506642
27.41666667,658.1705066,622,-1.960506642
27.5,658.1705066,622,-1.960506642
27.58333333,661.6575066,622,-1.960506642
27.66666667,665.1455066,622,-1.960506642
27.75,668.6325066,622,-1.960506642
27.83333333,672.1195066,622,-1.960506642
27.91666667,675.6065066,622,-1.960506642
28,679.0945066,622,-1.960506642
28.08333333,682.5815066,622,-1.960506642
28.16666667,686.0685066,622,-1.960506642
28.25,689.5555066,622,-1.960506642
28.33333333,693.0435066,622,-1.960506642
28.41666667,696.5305066,622,-1.960506642
28.5,696.5305066,622,-1.960506642
28.58333333,703.6295066,622,-1.960506642
28.66666667,710.7285066,622,-1.960506642
28.75,717.8275066,622,-1.960506642
28.83333333,724.9265066,622,-1.960506642
28.91666667,732.0255066,622,-1.960506642
29,739.1255066,622,-1.960506642
29.08333333,746.2245066,622,-1.960506642
29.16666667,753.3235066,622,-1.960506642
29.25,760.4225066,622,-1.960506642
29.33333333,767.5215066,622,-1.960506642
29.41666667,774.6205066,622,-1.960506642
29.5,774.6205066,622,-1.960506642
29.58333333,783.4635066,622,-1.960506642
29.66666667,792.3055066,622,-1.960506642
29.75,801.1485066,622,-1.960506642
29.83333333,809.9915066,622,-1.960506642
29.91666667,818.8345066,622,-1.960506642
30,827.6765066,622,-1.960506642
30.08333333,835.7916803,622,-1.232680273
30.16666667,844.3263033,622,-0.924303317
30.25,852.3581809,622,-0.113180888
30.33333333,859.0341047,622,2.052895291
30.41666667,864.9753864,622,4.954613606
30.5,861.4916436,622,8.438356379
30.58333333,870.0206585,622,12.61334151
30.66666667,877.3498727,622,17.98712733
30.75,883.2923826,622,24.74861739
30.83333333,887.5000087,622,33.2449913
30.91666667,889.6411359,622,43.80686411
31,890.1515866,622,56.00041342
31.08333333,887.7152562,622,71.13974379
31.16666667,882.9160563,622,88.64294366
31.25,876.4980665,622,107.7649335
31.33333333,867.6668106,622,129.2991894
31.41666667,856.1102652,622,153.5597348
31.5,829.0716677,622,180.5983323
31.58333333,811.5181767,622,209.9838233
31.66666667,791.7693748,622,241.5646252
31.75,770.0700258,622,275.0949742
31.83333333,746.6793876,622,310.3176124
31.91666667,721.921903,622,346.907097
32,696.0877897,622,384.5732103
32.08333333,669.3537139,622,423.1392861
32.16666667,642.0100286,622,462.3149714
32.25,614.1034668,622,502.0525332
32.33333333,585.8843277,622,542.1036723
32.41666667,557.5122538,622,582.3077462
32.5,517.2032485,622,622.6167515
32.58333333,528.6320091,622,626.3829909
32.66666667,541.4978436,622,628.7111564
32.75,556.0130207,622,629.3909793
32.83333333,531.3956282,622,669.2023718
32.91666667,549.7541206,622,666.0388794
33,526.6441028,622,704.3428972
33.08333333,504.8764762,622,741.3055238
33.16666667,484.0902292,622,777.2857708
33.25,464.1271251,622,812.4438749
33.33333333,445.0723815,622,846.6926185
33.41666667,427.1173074,622,879.8426926
33.5,358.2780494,622,948.6819506
33.58333333,302.211544,622,1017.825456
33.66666667,245.698458,622,1087.416542
33.75,229.40954,622,1116.78246
33.83333333,171.399911,622,1187.869089
33.91666667,156.315812,622,1216.030188
34,141.081603,622,1244.342397
34.08333333,126.342654,622,1272.158346
34.16666667,112.339307,622,1299.238693
34.25,98.857237,622,1325.797763
34.33333333,85.799746,622,1351.933254
34.41666667,126.696075,622,1324.113925
34.5,100.629546,622,1350.180454
34.58333333,85.735778,622,1374.664222
34.66666667,72.320313,622,1397.669687
34.75,59.669521,622,1419.910479
34.83333333,47.510257,622,1441.659743
34.91666667,36.263396,622,1462.496604
35,25.71157,622,1482.63843
35.08333333,15.852075,622,1502.087925
35.16666667,6.856642,622,1520.673358
35.25,-1.134438,622,1538.254438
35.33333333,-61.704466,622,1608.414466
35.41666667,-66.990115,622,1623.290115
35.5,-81.848185,622,1638.148185
35.58333333,-87.006388,622,1652.896388
35.66666667,-91.493895,622,1666.973895
35.75,-94.959133,622,1680.029133
35.83333333,-97.814862,622,1692.474862
35.91666667,-99.806192,622,1704.056192
36,-100.974027,622,1714.814027
36.08333333,-101.22236,622,1724.65236
36.16666667,-100.846987,622,1733.866987
36.25,-99.642033,622,1742.252033
36.33333333,-97.531438,622,1749.731438
36.41666667,-94.630477,622,1756.420477
36.5,-100.491288,622,1762.281288
36.58333333,-98.560768,622,1767.449768
36.66666667,-95.680659,622,1771.668659
36.75,-92.120389,622,1775.207389
36.83333333,-87.887734,622,1778.073734
36.91666667,-82.641598,622,1779.926598
37,-76.878594,622,1781.263594
37.08333333,-13.831957,622,1725.315957
37.16666667,51.663869,622,1666.919131
37.25,59.619832,622,1666.062168
37.33333333,143.833607,622,1588.947393
37.41666667,209.807777,622,1530.072223
37.5,213.18458,622,1526.69542
37.58333333,279.435451,622,1466.671549
37.66666667,290.568251,622,1461.766749
37.75,302.373112,622,1456.188888
37.83333333,370.381178,622,1394.407822
37.91666667,383.690372,622,1387.325628
38,341.093493,622,1436.150507
38.08333333,297.926336,622,1485.544664
38.16666667,313.413599,622,1476.284401
38.25,253.977341,622,1541.947659
38.33333333,214.282303,622,1587.870697
38.41666667,231.711339,622,1576.668661
38.5,187.510339,622,1620.869661
38.58333333,202.657868,622,1608.462132
38.66666667,218.68501,622,1595.17499
38.75,179.506538,622,1637.093462
38.83333333,196.573866,622,1622.766134
38.91666667,214.62425,622,1607.45575
39,233.066098,622,1591.753902
39.08333333,252.415278,622,1575.144722
39.16666667,272.464903,622,1557.835097
39.25,293.184547,622,1539.855453
39.33333333,314.554603,622,1521.225397
39.41666667,336.479741,622,1502.040259
39.5,356.511361,622,1482.008639
39.58333333,375.068023,622,1461.209977
39.66666667,394.123987,622,1439.912013
39.75,413.847252,622,1417.947748
39.83333333,434.128317,622,1395.424683
39.91666667,454.912742,622,1372.398258
40,476.51762,622,1348.55138
40.08333333,498.775276,622,1324.051724
40.16666667,521.637032,622,1298.947968
40.25,545.128565,622,1273.215435
40.33333333,569.413858,622,1246.688142
40.41666667,594.287025,622,1219.572975
40.5,621.891691,622,1191.968309
40.58333333,645.050041,622,1163.454959
40.66666667,668.772952,622,1134.376048
40.75,692.962362,622,1104.831638
40.83333333,717.916121,622,1074.521879
40.91666667,743.520955,622,1043.562045
41,770.048009,622,1011.678991
41.08333333,797.3941502,622,978.9778498
41.16666667,825.5908444,622,945.4251556
41.25,854.5028428,622,911.1581572
41.33333333,884.3755997,622,875.9294003
41.41666667,915.0245103,622,839.9254897
41.5,951.7224421,622,803.2275579
41.58333333,977.7580836,622,765.8579164
41.66666667,1004.497198,622,727.7858025
41.75,1031.919529,622,689.0294709
41.83333333,1059.634614,622,649.9803862
41.91666667,1087.532909,622,610.7490913
42,1115.877413,622,571.0705871
42.08333333,1144.215412,622,531.3995877
42.16666667,1172.337546,622,491.9434543
42.25,1200.032178,622,452.9148217
42.33333333,1227.462778,622,414.151222
42.41666667,1254.265257,622,376.0147429
42.5,1291.596699,622,338.6833013
42.58333333,1323.027686,622,302.2703138
42.66666667,1352.978005,622,267.3379948
42.75,1381.457006,622,233.8779945
42.83333333,1408.039412,622,202.3135881
42.91666667,1432.181048,622,173.1899523
43,1453.805479,622,146.5835208
43.08333333,1473.000773,622,122.4062275
43.16666667,1489.503578,622,100.9214218
43.25,1503.436578,622,82.00742198
43.33333333,1514.898789,622,65.56321117
43.41666667,1523.830611,622,51.64938863
43.5,1535.610686,622,39.86931399
43.58333333,1533.97187,622,29.92513015
43.66666667,1530.267642,622,22.04735794
43.75,1524.831384,622,15.90061579
43.83333333,1518.012222,622,11.13677754
43.91666667,1510.181406,622,7.384594285
44,1501.532587,622,4.451413453
44.08333333,1492.308183,622,2.09281655
44.16666667,1482.334576,622,0.483424437
44.25,1471.893117,622,-0.658116965
44.33333333,1461.229747,622,-1.576746751
44.41666667,1450.030507,622,-1.960506642
44.5,1450.030507,622,-1.960506642
44.58333333,1433.465507,622,-1.960506642
44.66666667,1416.901507,622,-1.960506642
44.75,1400.336507,622,-1.960506642
44.83333333,1383.772507,622,-1.960506642
44.91666667,1367.207507,622,-1.960506642
45,1350.643507,622,-1.960506642
45.08333333,1334.078507,622,-1.960506642
45.16666667,1317.514507,622,-1.960506642
45.25,1300.949507,622,-1.960506642
45.33333333,1284.385507,622,-1.960506642
45.41666667,1267.820507,622,-1.960506642
45.5,1267.820507,622,-1.960506642
45.58333333,1251.505507,622,-1.960506642
45.66666667,1235.189507,622,-1.960506642
45.75,1218.874507,622,-1.960506642
45.83333333,1202.558507,622,-1.960506642
45.91666667,1186.243507,622,-1.960506642
46,1169.927507,622,-1.960506642
46.08333333,1153.612507,622,-1.960506642
46.16666667,1137.296507,622,-1.960506642
46.25,1120.981507,622,-1.960506642
46.33333333,1104.665507,622,-1.960506642
46.41666667,1088.350507,622,-1.960506642
46.5,1088.350507,622,-1.960506642
46.58333333,1077.764507,622,-1.960506642
46.66666667,1067.177507,622,-1.960506642
46.75,1056.591507,622,-1.960506642
46.83333333,1046.005507,622,-1.960506642
46.91666667,1035.418507,622,-1.960506642
47,1024.832507,622,-1.960506642
47.08333333,1014.245507,622,-1.960506642
47.16666667,1003.659507,622,-1.960506642
47.25,993.0735066,622,-1.960506642
47.33333333,982.4865066,622,-1.960506642
47.41666667,971.9005066,622,-1.960506642
47.5,971.9005066,622,-1.960506642
47.58333333,962.3105066,622,-1.960506642
47.66666667,952.7205066,622,-1.960506642
47.75,943.1305066,622,-1.960506642
47.83333333,933.5405066,622,-1.960506642
47.91666667,923.9505066,622,-1.960506642
48,914.3605066,622,-1.960506642
48.08333333,904.7705066,622,-1.960506642
48.16666667,895.1805066,622,-1.960506642
48.25,885.5905066,622,-1.960506642
48.33333333,876.0005066,622,-1.960506642
48.41666667,866.4105066,622,-1.960506642
48.5,866.4105066,622,-1.960506642
48.58333333,860.4325066,622,-1.960506642
48.66666667,854.4545066,622,-1.960506642
48.75,848.4755066,622,-1.960506642
48.83333333,842.4975066,622,-1.960506642
48.91666667,836.5195066,622,-1.960506642
49,830.5415066,622,-1.960506642
49.08333333,824.5635066,622,-1.960506642
49.16666667,818.5855066,622,-1.960506642
49.25,812.6065066,622,-1.960506642
49.33333333,806.6285066,622,-1.960506642
49.41666667,800.6505066,622,-1.960506642
49.5,800.6505066,622,-1.960506642
49.58333333,795.1705066,622,-1.960506642
49.66666667,789.6905066,622,-1.960506642
49.75,784.2105066,622,-1.960506642
49.83333333,778.7305066,622,-1.960506642
49.91666667,773.2505066,622,-1.960506642
50,767.7705066,622,-1.960506642
50.08333333,762.2905066,622,-1.960506642
50.16666667,756.8105066,622,-1.960506642
50.25,751.3305066,622,-1.960506642
50.33333333,745.8505066,622,-1.960506642
50.41666667,740.3705066,622,-1.960506642
50.5,740.3705066,622,-1.960506642
50.58333333,739.3745066,622,-1.960506642
50.66666667,738.3775066,622,-1.960506642
50.75,737.3815066,622,-1.960506642
50.83333333,736.3855066,622,-1.960506642
50.91666667,735.3885066,622,-1.960506642
51,734.3925066,622,-1.960506642
51.08333333,733.3955066,622,-1.960506642
51.16666667,732.3995066,622,-1.960506642
51.25,731.4035066,622,-1.960506642
51.33333333,730.4065066,622,-1.960506642
51.41666667,729.4105066,622,-1.960506642
51.5,729.4105066,622,-1.960506642
51.58333333,734.5165066,622,-1.960506642
51.66666667,739.6235066,622,-1.960506642
51.75,744.7295066,622,-1.960506642
51.83333333,749.8355066,622,-1.960506642
51.91666667,754.9425066,622,-1.960506642
52,760.0485066,622,-1.960506642
52.08333333,765.1555066,622,-1.960506642
52.16666667,770.2615066,622,-1.960506642
52.25,775.3675066,622,-1.960506642
52.33333333,780.4745066,622,-1.960506642
52.41666667,785.5805066,622,-1.960506642
52.5,785.5805066,622,-1.960506642
52.58333333,789.3165066,622,-1.960506642
52.66666667,793.0535066,622,-1.960506642
52.75,796.7895066,622,-1.960506642
52.83333333,800.5255066,622,-1.960506642
52.91666667,804.2625066,622,-1.960506642
53,807.9985066,622,-1.960506642
53.08333333,811.7355066,622,-1.960506642
53.16666667,815.4715066,622,-1.960506642
53.25,819.2075066,622,-1.960506642
53.33333333,822.9445066,622,-1.960506642
53.41666667,826.6805066,622,-1.960506642
53.5,826.6805066,622,-1.960506642
53.58333333,834.4025066,622,-1.960506642
53.66666667,842.1245066,622,-1.960506642
53.75,849.8455066,622,-1.960506642
53.83333333,857.5675066,622,-1.960506642
53.91666667,865.2895066,622,-1.960506642
54,873.0115066,622,-1.960506642
54.08333333,880.7335066,622,-1.960506642
54.16666667,887.6089192,622,-1.113919158
54.25,893.7519524,622,0.464047623
54.33333333,899.3559405,622,2.582059543
54.41666667,904.0486243,622,5.611375657
54.5,900.5734951,622,9.086504861
54.58333333,906.349058,622,13.39894202
54.66666667,910.9509036,622,18.88509638
54.75,914.189134,622,25.73586603
54.83333333,915.5603838,622,34.45261616
54.91666667,914.8967285,622,45.20427147
55,912.0642994,622,58.12470061
55.08333333,907.460514,622,72.81648604
55.16666667,900.6788983,622,89.68610174
55.25,891.5327353,622,108.9212647
55.33333333,880.1956196,622,130.3463804
55.41666667,865.8992862,622,154.7307138
55.5,838.9510501,622,181.6789499
55.58333333,819.6662674,622,210.9277326
55.66666667,798.1931856,622,242.3638144
55.75,774.9807435,622,275.5402565
55.83333333,750.2942248,622,310.1907752
55.91666667,733.2411078,622,337.2068922
56,714.3040794,622,366.1079206
56.08333333,695.3382631,622,395.0367369
56.16666667,675.98134,622,424.35766
56.25,656.7176856,622,453.5853144
56.33333333,627.2305019,622,493.0354981
56.41666667,597.6534498,622,532.5765502
56.5,558.3403462,622,571.8896538
56.58333333,548.4421032,622,598.1028968
56.66666667,525.5606135,622,637.3003865
56.75,503.2135985,622,675.9624015
56.83333333,486.4579526,622,709.0340474
56.91666667,471.1965115,622,740.6104885
57,455.9451978,622,772.1778022
57.08333333,441.2635163,622,803.1744837
57.16666667,426.9560444,622,833.7979556
57.25,408.927308,622,868.141692
57.33333333,392.6959811,622,900.6890189
57.41666667,391.197997,622,918.502003
57.5,347.6886516,622,962.0113484
57.58333333,345.6017587,622,977.5492413
57.66666667,330.273023,622,1006.328977
57.75,301.581761,622,1048.471239
57.83333333,273.633876,622,1089.870124
57.91666667,260.097831,622,1116.857169
58,247.118235,622,1143.286765
58.08333333,234.636575,622,1169.219425
58.16666667,237.525134,622,1179.781866
58.25,226.625221,622,1204.132779
58.33333333,202.11634,622,1242.09266
58.41666667,191.920589,622,1265.739411
58.5,155.324073,622,1302.335927
58.58333333,144.894595,622,1324.721405
58.66666667,135.338968,622,1346.234032
58.75,126.408413,622,1367.120587
58.83333333,104.530797,622,1400.954203
58.91666667,83.426631,622,1434.015369
59,63.104732,622,1466.293268
59.08333333,43.164817,622,1498.190183
59.16666667,36.697987,622,1516.613013
59.25,31.256807,622,1534.010193
59.33333333,26.734777,622,1550.489223
59.41666667,22.664398,622,1566.515602
59.5,7.45543,622,1581.72457
59.58333333,3.252726,622,1596.389274
59.66666667,14.288401,622,1595.815599
59.75,11.583958,622,1608.981042
59.83333333,9.563381,622,1621.463619
59.91666667,8.344326,622,1633.144674
60,8.108326,622,1643.842674
60.08333333,9.558192,622,1652.854808
60.16666667,11.170662,622,1661.704338
60.25,13.104972,622,1670.231028
60.33333333,16.233606,622,1677.564394
60.41666667,20.17965,622,1684.08035
60.5,14.475695,622,1689.784305
60.58333333,5.362107,622,1709.359893
60.66666667,11.354719,622,1713.829281
60.75,18.130612,622,1717.514388
60.83333333,25.041373,622,1721.065627
60.91666667,32.615394,622,1723.953606
61,40.612317,622,1726.418683
61.08333333,49.817777,622,1727.675223
61.16666667,60.053958,622,1727.901042
61.25,70.457489,622,1727.958511
61.33333333,81.526631,622,1727.351369
61.41666667,93.145446,622,1726.194554
61.5,95.207226,622,1724.132774
61.58333333,105.7792,622,1721.5318
61.66666667,117.02863,622,1718.25337
61.75,129.36794,622,1713.88506
61.83333333,142.019273,622,1709.204727
61.91666667,155.349076,622,1703.845924
62,169.464189,622,1697.700811
62.08333333,184.148229,622,1690.987771
62.16666667,200.215241,622,1682.891759
62.25,217.077352,622,1674.000648
62.33333333,234.613201,622,1664.435799
62.41666667,252.704807,622,1654.315193
62.5,263.620512,622,1643.399488
62.58333333,276.92023,622,1631.71877
62.66666667,290.883882,622,1619.374118
62.75,305.917131,622,1605.959869
62.83333333,321.728914,622,1591.767086
62.91666667,337.864213,622,1577.250787
63,354.654305,622,1562.080695
63.08333333,371.418043,622,1546.935957
63.16666667,389.081338,622,1530.891662
63.25,407.391665,622,1514.200335
63.33333333,426.49202,622,1496.71898
63.41666667,446.377332,622,1478.452668
63.5,465.102381,622,1459.727619
63.58333333,481.987584,622,1440.227416
63.66666667,499.704409,622,1419.894591
63.75,518.109156,622,1398.874844
63.83333333,537.577768,622,1376.790232
63.91666667,557.835379,622,1353.917621
64,578.622733,622,1330.514267
64.08333333,599.824862,622,1306.697138
64.16666667,622.029668,622,1281.876332
64.25,644.824023,622,1256.466977
64.33333333,668.335062,622,1230.339938
64.41666667,712.898626,622,1183.161374
64.5,740.442781,622,1155.617219
64.58333333,761.006815,622,1127.580185
64.66666667,789.517767,622,1091.597233
64.75,830.119507,622,1043.522493
64.83333333,859.28528,622,1006.88372
64.91666667,888.1177329,622,970.5782671
65,915.5185209,622,935.7054791
65.08333333,946.6618989,622,897.0891011
65.16666667,972.5137459,622,863.7642541
65.25,999.0254708,622,829.7795292
65.33333333,1020.19021,622,801.14279
65.41666667,1063.302664,622,750.5573362
65.5,1110.20842,622,703.6515804
65.58333333,1129.963746,622,673.6832536
65.66666667,1146.73372,622,646.7012799
65.75,1168.149897,622,615.0721027
65.83333333,1194.674381,622,578.3346188
65.91666667,1224.003143,622,538.7928568
66,1246.563748,622,506.0202518
66.08333333,1279.898057,622,462.4729432
66.16666667,1310.509828,622,421.6481716
66.25,1325.290886,622,396.6541138
66.33333333,1338.560904,622,373.1720959
66.41666667,1355.504617,622,346.0153829
66.5,1391.981294,622,309.5387063
66.58333333,1415.207287,622,282.0777126
66.66666667,1444.935363,622,248.1156373
66.75,1468.863728,622,219.9522725
66.83333333,1490.4773,622,194.1047005
66.91666667,1513.660699,622,166.6863014
67,1530.616216,622,145.4967844
67.08333333,1547.445924,622,124.4320762
67.16666667,1563.397291,622,104.2467094
67.25,1577.440384,622,85.96861616
67.33333333,1589.354819,622,69.82018073
67.41666667,1598.854745,622,56.0852554
67.5,1610.7283,622,44.2117002
67.58333333,1610.168261,622,34.30973908
67.66666667,1608.49816,622,25.51783994
67.75,1605.369688,622,18.18531212
67.83333333,1600.89825,622,12.19475008
67.91666667,1594.604677,622,8.026323156
68,1587.757645,622,4.411355283
68.08333333,1579.945947,622,1.761053144
68.16666667,1571.129473,622,0.115526632
68.25,1561.691845,622,-0.907845246
68.33333333,1552.095637,622,-1.773637475
68.41666667,1541.820507,622,-1.960506642
68.5,1541.820507,622,-1.960506642
68.58333333,1522.515507,622,-1.960506642
68.66666667,1503.211507,622,-1.960506642
68.75,1483.906507,622,-1.960506642
68.83333333,1464.602507,622,-1.960506642
68.91666667,1445.297507,622,-1.960506642
69,1425.993507,622,-1.960506642
69.08333333,1406.688507,622,-1.960506642
69.16666667,1387.384507,622,-1.960506642
69.25,1368.079507,622,-1.960506642
69.33333333,1348.775507,622,-1.960506642
69.41666667,1329.470507,622,-1.960506642
69.5,1329.470507,622,-1.960506642
69.58333333,1310.788507,622,-1.960506642
69.66666667,1292.106507,622,-1.960506642
69.75,1273.425507,622,-1.960506642
69.83333333,1254.743507,622,-1.960506642
69.91666667,1236.061507,622,-1.960506642
70,1217.379507,622,-1.960506642
70.08333333,1198.697507,622,-1.960506642
70.16666667,1180.015507,622,-1.960506642
70.25,1161.334507,622,-1.960506642
70.33333333,1142.652507,622,-1.960506642
70.41666667,1123.970507,622,-1.960506642
70.5,1123.970507,622,-1.960506642
70.58333333,1111.266507,622,-1.960506642
70.66666667,1098.563507,622,-1.960506642
70.75,1085.859507,622,-1.960506642
70.83333333,1073.155507,622,-1.960506642
70.91666667,1060.452507,622,-1.960506642
71,1047.748507,622,-1.960506642
71.08333333,1035.045507,622,-1.960506642
71.16666667,1022.341507,622,-1.960506642
71.25,1009.637507,622,-1.960506642
71.33333333,996.9345066,622,-1.960506642
71.41666667,984.2305066,622,-1.960506642
71.5,984.2305066,622,-1.960506642
71.58333333,975.1385066,622,-1.960506642
71.66666667,966.0465066,622,-1.960506642
71.75,956.9555066,622,-1.960506642
71.83333333,947.8635066,622,-1.960506642
71.91666667,938.7715066,622,-1.960506642
72,929.6795066,622,-1.960506642
72.08333333,920.5875066,622,-1.960506642
72.16666667,911.4955066,622,-1.960506642
72.25,902.4045066,622,-1.960506642
72.33333333,893.3125066,622,-1.960506642
72.41666667,884.2205066,622,-1.960506642
72.5,884.2205066,622,-1.960506642
72.58333333,876.9965066,622,-1.960506642
72.66666667,869.7735066,622,-1.960506642
72.75,862.5495066,622,-1.960506642
72.83333333,855.3255066,622,-1.960506642
72.91666667,848.1025066,622,-1.960506642
73,840.8785066,622,-1.960506642
73.08333333,833.6555066,622,-1.960506642
73.16666667,826.4315066,622,-1.960506642
73.25,819.2075066,622,-1.960506642
73.33333333,811.9845066,622,-1.960506642
73.41666667,804.7605066,622,-1.960506642
73.5,804.7605066,622,-1.960506642
73.58333333,800.1525066,622,-1.960506642
73.66666667,795.5445066,622,-1.960506642
73.75,790.9355066,622,-1.960506642
73.83333333,786.3275066,622,-1.960506642
73.91666667,781.7195066,622,-1.960506642
74,777.1115066,622,-1.960506642
74.08333333,772.5035066,622,-1.960506642
74.16666667,767.8955066,622,-1.960506642
74.25,763.2865066,622,-1.960506642
74.33333333,758.6785066,622,-1.960506642
74.41666667,754.0705066,622,-1.960506642
74.5,754.0705066,622,-1.960506642
74.58333333,753.9455066,622,-1.960506642
74.66666667,753.8215066,622,-1.960506642
74.75,753.6965066,622,-1.960506642
74.83333333,753.5725066,622,-1.960506642
74.91666667,753.4475066,622,-1.960506642
75,753.3235066,622,-1.960506642
75.08333333,753.1985066,622,-1.960506642
75.16666667,753.0745066,622,-1.960506642
75.25,752.9495066,622,-1.960506642
75.33333333,752.8255066,622,-1.960506642
75.41666667,752.7005066,622,-1.960506642
75.5,752.7005066,622,-1.960506642
75.58333333,757.6825066,622,-1.960506642
75.66666667,762.6645066,622,-1.960506642
75.75,767.6455066,622,-1.960506642
75.83333333,772.6275066,622,-1.960506642
75.91666667,777.6095066,622,-1.960506642
76,782.5915066,622,-1.960506642
76.08333333,787.5735066,622,-1.960506642
76.16666667,792.5555066,622,-1.960506642
76.25,797.5365066,622,-1.960506642
76.33333333,802.5185066,622,-1.960506642
76.41666667,807.5005066,622,-1.960506642
76.5,807.5005066,622,-1.960506642
76.58333333,812.3575066,622,-1.960506642
76.66666667,817.2155066,622,-1.960506642
76.75,822.0725066,622,-1.960506642
76.83333333,826.9295066,622,-1.960506642
76.91666667,831.7865066,622,-1.960506642
77,836.6445066,622,-1.960506642
77.08333333,841.5015066,622,-1.960506642
77.16666667,846.3585066,622,-1.960506642
77.25,851.2155066,622,-1.960506642
77.33333333,856.0735066,622,-1.960506642
77.41666667,860.9305066,622,-1.960506642
77.5,860.9305066,622,-1.960506642
77.58333333,869.5245066,622,-1.960506642
77.66666667,878.1175066,622,-1.960506642
77.75,886.7115066,622,-1.960506642
77.83333333,895.3055066,622,-1.960506642
77.91666667,903.8985066,622,-1.960506642
78,912.4925066,622,-1.960506642
78.08333333,920.4976508,622,-1.372650783
78.16666667,928.0935787,622,-0.374578731
78.25,935.1314839,622,1.181516073
78.33333333,941.6546546,622,3.251345414
78.41666667,947.2337327,622,6.266267266
78.5,943.2925445,622,10.2074555
78.58333333,949.7566279,622,15.20137207
78.66666667,955.029314,622,21.38668598
78.75,958.8215202,622,29.05347981
78.83333333,961.3009824,622,38.03201756
78.91666667,962.0504626,622,48.7405374
79,961.2171655,622,61.03183451
79.08333333,958.8665786,622,74.84042141
79.16666667,954.8162315,622,90.34876854
79.25,948.5408749,622,108.0831251
79.33333333,940.456987,622,127.625013
79.41666667,930.6660742,622,148.8739258
79.5,907.3379376,622,172.2020624
79.58333333,895.0202947,622,197.2237053
79.66666667,879.7353115,622,225.2116885
79.75,866.8056251,622,250.8453749
79.83333333,852.5776493,622,277.7773507
79.91666667,837.8027192,622,305.2552808
80,820.4209869,622,335.3410131
80.08333333,803.2312147,622,365.2337853
80.16666667,785.462176,622,395.706824
80.25,756.7830437,622,437.0899563
80.33333333,727.2715058,622,479.3044942
80.41666667,697.5144265,622,521.7655735
80.5,654.597957,622,564.682043
80.58333333,626.3054518,622,606.6745482
80.66666667,593.604746,622,653.075254
80.75,560.8580652,622,699.5219348
80.83333333,527.8902981,622,746.1897019
80.91666667,496.5674931,622,791.2125069
81,464.6879161,622,836.7920839
81.08333333,433.3167696,622,881.8632304
81.16666667,412.820086,622,916.059914
81.25,393.2567645,622,949.3232355
81.33333333,374.4581171,622,981.8218829
81.41666667,356.36228,622,1013.61772
81.5,325.653619,622,1044.326381
81.58333333,309.041782,622,1074.140218
81.66666667,293.130389,622,1103.253611
81.75,277.715271,622,1131.869729
81.83333333,262.901872,622,1159.885128
81.91666667,248.414693,622,1187.574307
82,234.638776,622,1214.552224
82.08333333,221.485889,622,1240.907111
82.16666667,209.179485,622,1266.415515
82.25,197.374088,622,1291.421912
82.33333333,186.442542,622,1315.555458
82.41666667,176.092784,622,1339.107216
82.5,153.209693,622,1361.990307
82.58333333,142.174248,622,1384.110752
82.66666667,131.713844,622,1405.655156
82.75,122.024522,622,1426.429478
82.83333333,113.148907,622,1446.389093
82.91666667,105.083588,622,1465.539412
83,97.81203,622,1483.89497
83.08333333,91.04348,622,1501.74852
83.16666667,85.356373,622,1518.519627
83.25,80.264561,622,1534.696439
83.33333333,75.876926,622,1550.168074
83.41666667,72.450022,622,1564.679978
83.5,58.509088,622,1578.620912
83.58333333,56.781909,622,1591.433091
83.66666667,55.890749,622,1603.408251
83.75,55.862959,622,1614.521041
83.83333333,56.42069,622,1625.04731
83.91666667,57.821509,622,1634.731491
84,60.288896,622,1643.348104
84.08333333,63.367806,622,1651.354194
84.16666667,67.376374,622,1658.429626
84.25,72.093485,622,1664.797515
84.33333333,77.502602,622,1670.472398
84.41666667,83.729792,622,1675.330208
84.5,79.427064,622,1679.632936
84.58333333,85.765389,622,1683.382611
84.66666667,92.632766,622,1686.603234
84.75,100.719821,622,1688.605179
84.83333333,109.467106,622,1689.945894
84.91666667,118.375642,622,1691.125358
85,127.913293,622,1691.675707
85.08333333,137.826182,622,1691.850818
85.16666667,148.607865,622,1691.157135
85.25,160.597056,622,1689.256944
85.33333333,173.073395,622,1686.868605
85.41666667,186.15789,622,1683.87211
85.5,189.872069,622,1680.157931
85.58333333,200.669728,622,1675.836272
85.66666667,211.399763,622,1671.583237
85.75,222.605451,622,1666.853549
85.83333333,234.42031,622,1661.51469
85.91666667,246.964332,622,1655.447668
86,259.999221,622,1648.888779
86.08333333,273.405953,622,1641.959047
86.16666667,286.510142,622,1635.330858
86.25,300.36616,622,1627.95084
86.33333333,314.860067,622,1619.933933
86.41666667,329.884731,622,1611.385269
86.5,338.967517,622,1602.302483
86.58333333,349.815776,622,1592.326224
86.66666667,361.315798,622,1581.698202
86.75,416.613539,622,1527.271461
86.83333333,429.432304,622,1515.324696
86.91666667,443.161105,622,1502.467895
87,496.733075,622,1449.767925
87.08333333,544.035529,622,1403.337471
87.16666667,585.09416,622,1363.15084
87.25,623.875009,622,1325.240991
87.33333333,641.368021,622,1308.619979
87.41666667,659.475274,622,1291.384726
87.5,712.942622,622,1237.917378
87.58333333,753.873906,622,1192.502094
87.66666667,725.506167,622,1216.386833
87.75,740.926342,622,1196.482658
87.83333333,757.305233,622,1175.619767
87.91666667,735.214784,622,1193.227216
88,721.030039,622,1202.927961
88.08333333,714.464637,622,1205.010363
88.16666667,711.535001,622,1203.455999
88.25,731.341403,622,1179.165597
88.33333333,752.027403,622,1153.996597
88.41666667,737.769638,622,1163.770362
88.5,737.450855,622,1164.089145
88.58333333,754.755497,622,1136.820503
88.66666667,772.621629,622,1108.991371
88.75,790.902228,622,1080.746772
88.83333333,809.934317,622,1051.750683
88.91666667,829.738164,622,1021.983836
89,850.4973618,622,991.2606382
89.08333333,885.9783799,622,945.8166201
89.16666667,925.2618232,622,896.5691768
89.25,969.7036048,622,842.1633952
89.33333333,998.3492076,622,803.5547924
89.41666667,1025.213289,622,766.7267106
89.5,1063.633597,622,728.3064029
89.58333333,1090.709376,622,689.3986239
89.66666667,1117.769605,622,650.5063954
89.75,1144.940362,622,611.5046379
89.83333333,1172.65506,622,571.9579403
89.91666667,1202.339926,622,530.4410745
90,1219.348206,622,501.6007941
90.08333333,1230.765475,622,478.3515251
90.16666667,1237.791818,622,459.4931821
90.25,1260.854464,622,424.5995363
90.33333333,1285.893039,622,387.7289613
90.41666667,1309.46014,622,352.3298598
90.5,1344.248922,622,317.5410778
90.58333333,1372.517615,622,283.1693846
90.66666667,1400.023345,622,249.5616555
90.75,1425.03406,622,218.4479403
90.83333333,1446.335125,622,191.0438746
90.91666667,1464.584053,622,166.6919469
91,1483.297417,622,141.8765835
91.08333333,1499.430594,622,119.6404061
91.16666667,1513.507369,622,99.4606307
91.25,1525.750698,622,81.11430162
91.33333333,1535.587582,622,65.17541799
91.41666667,1543.350642,622,51.30935816
91.5,1555.043705,622,39.61629511
91.58333333,1554.132418,622,30.19058191
91.66666667,1552.005713,622,21.97928742
91.75,1548.271758,622,15.37624241
91.83333333,1543.121195,622,10.18980512
91.91666667,1536.727614,622,6.246385741
92,1529.599613,622,3.03638749
92.08333333,1521.662533,622,0.636467087
92.16666667,1512.698302,622,-0.736302014
92.25,1503.279499,622,-1.654499094
92.33333333,1493.247507,622,-1.960506642
92.41666667,1482.910507,622,-1.960506642
92.5,1482.910507,622,-1.960506642
92.58333333,1464.726507,622,-1.960506642
92.66666667,1446.543507,622,-1.960506642
92.75,1428.359507,622,-1.960506642
92.83333333,1410.175507,622,-1.960506642
92.91666667,1391.992507,622,-1.960506642
93,1373.808507,622,-1.960506642
93.08333333,1355.625507,622,-1.960506642
93.16666667,1337.441507,622,-1.960506642
93.25,1319.257507,622,-1.960506642
93.33333333,1301.074507,622,-1.960506642
93.41666667,1282.890507,622,-1.960506642
93.5,1282.890507,622,-1.960506642
93.58333333,1266.699507,622,-1.960506642
93.66666667,1250.508507,622,-1.960506642
93.75,1234.317507,622,-1.960506642
93.83333333,1218.126507,622,-1.960506642
93.91666667,1201.935507,622,-1.960506642
94,1185.745507,622,-1.960506642
94.08333333,1169.554507,622,-1.960506642
94.16666667,1153.363507,622,-1.960506642
94.25,1137.172507,622,-1.960506642
94.33333333,1120.981507,622,-1.960506642
94.41666667,1104.790507,622,-1.960506642
94.5,1104.790507,622,-1.960506642
94.58333333,1092.460507,622,-1.960506642
94.66666667,1080.130507,622,-1.960506642
94.75,1067.800507,622,-1.960506642
94.83333333,1055.470507,622,-1.960506642
94.91666667,1043.140507,622,-1.960506642
95,1030.810507,622,-1.960506642
95.08333333,1018.480507,622,-1.960506642
95.16666667,1006.150507,622,-1.960506642
95.25,993.8205066,622,-1.960506642
95.33333333,981.4905066,622,-1.960506642
95.41666667,969.1605066,622,-1.960506642
95.5,969.1605066,622,-1.960506642
95.58333333,959.5705066,622,-1.960506642
95.66666667,949.9805066,622,-1.960506642
95.75,940.3905066,622,-1.960506642
95.83333333,930.8005066,622,-1.960506642
95.91666667,921.2105066,622,-1.960506642
96,911.6205066,622,-1.960506642
96.08333333,902.0305066,622,-1.960506642
96.16666667,892.4405066,622,-1.960506642
96.25,882.8505066,622,-1.960506642
96.33333333,873.2605066,622,-1.960506642
96.41666667,863.6705066,622,-1.960506642
96.5,863.6705066,622,-1.960506642
96.58333333,858.6885066,622,-1.960506642
96.66666667,853.7065066,622,-1.960506642
96.75,848.7255066,622,-1.960506642
96.83333333,843.7435066,622,-1.960506642
96.91666667,838.7615066,622,-1.960506642
97,833.7795066,622,-1.960506642
97.08333333,828.7975066,622,-1.960506642
97.16666667,823.8155066,622,-1.960506642
97.25,818.8345066,622,-1.960506642
97.33333333,813.8525066,622,-1.960506642
97.41666667,808.8705066,622,-1.960506642
97.5,808.8705066,622,-1.960506642
97.58333333,804.1375066,622,-1.960506642
97.66666667,799.4055066,622,-1.960506642
97.75,794.6725066,622,-1.960506642
97.83333333,789.9395066,622,-1.960506642
97.91666667,785.2065066,622,-1.960506642
98,780.4745066,622,-1.960506642
98.08333333,775.7415066,622,-1.960506642
98.16666667,771.0085066,622,-1.960506642
98.25,766.2755066,622,-1.960506642
98.33333333,761.5435066,622,-1.960506642
98.41666667,756.8105066,622,-1.960506642
98.5,756.8105066,622,-1.960506642
98.58333333,755.8145066,622,-1.960506642
98.66666667,754.8175066,622,-1.960506642
98.75,753.8215066,622,-1.960506642
98.83333333,752.8255066,622,-1.960506642
98.91666667,751.8285066,622,-1.960506642
99,750.8325066,622,-1.960506642
99.08333333,749.8355066,622,-1.960506642
99.16666667,748.8395066,622,-1.960506642
99.25,747.8435066,622,-1.960506642
99.33333333,746.8465066,622,-1.960506642
99.41666667,745.8505066,622,-1.960506642
99.5,745.8505066,622,-1.960506642
99.58333333,748.7155066,622,-1.960506642
99.66666667,751.5795066,622,-1.960506642
99.75,754.4445066,622,-1.960506642
99.83333333,757.3085066,622,-1.960506642
99.91666667,760.1735066,622,-1.960506642
100,763.0375066,622,-1.960506642
100.0833333,765.9025066,622,-1.960506642
100.1666667,768.7665066,622,-1.960506642
100.25,771.6315066,622,-1.960506642
100.3333333,774.4955066,622,-1.960506642
100.4166667,777.3605066,622,-1.960506642
100.5,777.3605066,622,-1.960506642
100.5833333,781.5955066,622,-1.960506642
100.6666667,785.8295066,622,-1.960506642
100.75,790.0645066,622,-1.960506642
100.8333333,794.2985066,622,-1.960506642
100.9166667,798.5335066,622,-1.960506642
101,802.7675066,622,-1.960506642
101.0833333,807.0025066,622,-1.960506642
101.1666667,811.2365066,622,-1.960506642
101.25,815.4715066,622,-1.960506642
101.3333333,819.7055066,622,-1.960506642
101.4166667,823.9405066,622,-1.960506642
101.5,823.9405066,622,-1.960506642
101.5833333,831.0395066,622,-1.960506642
101.6666667,838.1385066,622,-1.960506642
101.75,845.2375066,622,-1.960506642
101.8333333,852.3365066,622,-1.960506642
101.9166667,859.4355066,622,-1.960506642
102,866.5355066,622,-1.960506642
102.0833333,873.1252696,622,-1.451269553
102.1666667,879.1668153,622,-0.393815253
102.25,885.0980478,622,0.773952238
102.3333333,890.4660042,622,2.504995813
102.4166667,895.0750334,622,4.994966558
102.5,892.1327049,622,7.937295083
102.5833333,900.1932865,622,11.70871351
102.6666667,907.2414694,622,16.49253064
102.75,912.8922262,622,22.67277377
102.8333333,916.786754,622,30.61024599
102.9166667,918.582451,622,40.64654905
103,918.4705485,622,52.59045155
103.0833333,916.3730606,622,66.51993944
103.1666667,911.4691378,622,83.25586225
103.25,904.0528725,622,102.5031275
103.3333333,894.2207708,622,124.1672292
103.4166667,881.5673632,622,148.6526368
103.5,854.4480727,622,175.7719273
103.5833333,838.7194369,622,205.4495631
103.6666667,820.7433626,622,237.3746374
103.75,800.7883646,622,271.2786354
103.8333333,779.2065242,622,306.8094758
103.9166667,756.4825069,622,343.4824931
104,732.5155589,622,381.3994411
104.0833333,707.8830341,622,419.9809659
104.1666667,682.6264988,622,459.1865012
104.25,656.9958411,622,498.7661589
104.3333333,631.0774672,622,538.6335328
104.4166667,605.0437837,622,578.6162163
104.5,565.1384128,622,618.5215872
104.5833333,542.8127791,622,658.1592209
104.6666667,521.0104503,622,697.2735497
104.75,499.741582,622,735.853418
104.8333333,479.0957297,622,773.8112703
104.9166667,459.6834298,622,810.5355702
105,441.0412128,622,846.4897872
105.0833333,423.3982782,622,881.4447218
105.1666667,406.7607107,622,915.3942893
105.25,390.9868808,622,948.4791192
105.3333333,376.3583575,622,980.4196425
105.4166667,362.657449,622,1011.432551
105.5,332.750648,622,1041.339352
105.5833333,318.000901,622,1070.287099
105.6666667,304.116229,622,1098.369771
105.75,291.032727,622,1125.652273
105.8333333,278.255176,622,1152.627824
105.9166667,266.169957,622,1178.911043
106,254.907556,622,1204.371444
106.0833333,244.36622,622,1229.11078
106.1666667,234.666973,622,1253.008027
106.25,225.687086,622,1276.186914
106.3333333,217.473916,622,1298.598084
106.4166667,209.899327,622,1320.370673
106.5,189.033731,622,1341.236269
106.5833333,182.603961,622,1360.992039
106.6666667,176.455436,622,1380.467564
106.75,171.138534,622,1399.110466
106.8333333,166.718484,622,1416.856516
106.9166667,162.883927,622,1434.018073
107,159.759293,622,1450.468707
107.0833333,157.310073,622,1466.244927
107.1666667,156.365876,622,1480.515124
107.25,156.167422,622,1494.039578
107.3333333,199.544219,622,1463.989781
107.4166667,243.404107,622,1433.455893
107.5,231.805199,622,1445.054801
107.5833333,226.676927,622,1455.414073
107.6666667,222.022605,622,1465.299395
107.75,218.069741,622,1474.483259
107.8333333,214.794334,622,1482.989666
107.9166667,211.422582,622,1491.592418
108,208.72323,622,1499.52177
108.0833333,205.74328,622,1507.73272
108.1666667,203.882959,622,1514.824041
108.25,159.90573,622,1564.03227
108.3333333,116.432198,622,1612.736802
108.4166667,116.250645,622,1618.149355
108.5,111.179862,622,1623.220138
108.5833333,122.884119,622,1627.332881
108.6666667,134.881791,622,1631.153209
108.75,147.454166,622,1634.397834
108.8333333,161.237444,622,1636.431556
108.9166667,175.570057,622,1637.915943
109,190.330968,622,1638.973032
109.0833333,206.056018,622,1639.064982
109.1666667,222.376715,622,1638.561285
109.25,239.223084,622,1637.531916
109.3333333,297.628899,622,1594.944101
109.4166667,356.685817,622,1551.704183
109.5,409.862103,622,1498.527897
109.5833333,451.939249,622,1463.175751
109.6666667,491.857918,622,1429.983082
109.75,533.045648,622,1395.520352
109.8333333,545.302858,622,1389.989142
109.9166667,558.124968,622,1383.892032
110,612.898664,622,1335.844336
110.0833333,661.88492,622,1293.58308
110.1666667,675.893917,622,1286.300083
110.25,649.322466,622,1319.596534
110.3333333,623.34124,622,1352.30376
110.4166667,588.392857,622,1393.977143
110.5,565.831253,622,1416.538747
110.5833333,548.807062,622,1435.679938
110.6666667,532.336248,622,1454.268752
110.75,545.920993,622,1442.801007
110.8333333,560.900202,622,1429.938798
110.9166667,534.258088,622,1458.697912
111,514.509182,622,1480.564818
111.0833333,531.66511,622,1465.52589
111.1666667,549.302086,622,1450.005914
111.25,567.625308,622,1433.799692
111.3333333,586.629015,622,1416.913985
111.4166667,606.411947,622,1399.248053
111.5,625.214072,622,1380.445928
111.5833333,639.665921,622,1361.759079
111.6666667,654.908122,622,1342.282878
111.75,670.263246,622,1322.692754
111.8333333,686.703842,622,1302.018158
111.9166667,703.695139,622,1280.791861
112,720.802374,622,1259.450626
112.0833333,739.021477,622,1236.996523
112.1666667,777.747487,622,1194.036513
112.25,797.18324,622,1170.36576
112.3333333,817.215978,622,1146.099022
112.4166667,837.56312,622,1121.51688
112.5,863.000871,622,1096.079129
112.5833333,881.347766,622,1070.010234
112.6666667,900.30214,622,1043.33386
112.75,919.530323,622,1016.384677
112.8333333,939.479585,622,988.713415
112.9166667,960.3632234,622,960.1077766
113,981.9489962,622,930.8000038
113.0833333,984.5325173,622,920.4944827
113.1666667,1008.045864,622,889.2591363
113.25,1032.360718,622,857.2232823
113.3333333,1057.450064,622,824.4119365
113.4166667,1083.408203,622,790.7317967
113.5,1117.913529,622,756.2264714
113.5833333,1141.717802,622,721.4621982
113.6666667,1166.262409,622,685.9575906
113.75,1191.399622,622,649.8603776
113.8333333,1216.877592,622,613.422408
113.9166667,1242.489768,622,576.8502316
114,1268.379824,622,540.0001764
114.0833333,1294.184318,622,503.2356821
114.1666667,1319.92296,622,466.5370404
114.25,1345.367564,622,430.1324365
114.3333333,1370.397715,622,394.1422846
114.4166667,1396.681263,622,356.8987366
114.5,1432.872725,622,320.7072746
114.5833333,1462.98644,622,286.1095597
114.6666667,1491.321818,622,253.2911825
114.75,1517.75455,622,222.3744503
114.8333333,1542.164614,622,193.4803857
114.9166667,1564.446559,622,166.7154415
115,1584.7047,622,141.9733002
115.0833333,1602.787221,622,119.4077789
115.1666667,1618.717084,622,98.99391584
115.25,1632.546118,622,80.68088152
115.3333333,1642.301211,622,66.44278917
115.4166667,1651.166696,622,53.09330419
115.5,1662.65064,622,41.60936023
115.5833333,1659.941215,622,31.73978451
115.6666667,1655.649132,622,23.45286774
115.75,1650.027591,622,16.49540882
115.8333333,1643.101236,622,10.84276375
115.9166667,1634.965601,622,6.399398979
116,1625.835265,622,2.949735247
116.0833333,1615.702478,622,0.503521978
116.1666667,1604.651376,622,-1.024375893
116.25,1593.008507,622,-1.960506642
116.3333333,1580.429507,622,-1.960506642
116.4166667,1567.850507,622,-1.960506642
116.5,1567.850507,622,-1.960506642
116.5833333,1550.787507,622,-1.960506642
116.6666667,1533.725507,622,-1.960506642
116.75,1516.662507,622,-1.960506642
116.8333333,1499.599507,622,-1.960506642
116.9166667,1482.536507,622,-1.960506642
117,1465.474507,622,-1.960506642
117.0833333,1448.411507,622,-1.960506642
117.1666667,1431.348507,622,-1.960506642
117.25,1414.285507,622,-1.960506642
117.3333333,1397.223507,622,-1.960506642
117.4166667,1380.160507,622,-1.960506642
117.5,1380.160507,622,-1.960506642
117.5833333,1361.976507,622,-1.960506642
117.6666667,1343.793507,622,-1.960506642
117.75,1325.609507,622,-1.960506642
117.8333333,1307.425507,622,-1.960506642
117.9166667,1289.242507,622,-1.960506642
118,1271.058507,622,-1.960506642
118.0833333,1252.875507,622,-1.960506642
118.1666667,1234.691507,622,-1.960506642
118.25,1216.507507,622,-1.960506642
118.3333333,1198.324507,622,-1.960506642
118.4166667,1180.140507,622,-1.960506642
118.5,1180.140507,622,-1.960506642
118.5833333,1168.184507,622,-1.960506642
118.6666667,1156.227507,622,-1.960506642
118.75,1144.271507,622,-1.960506642
118.8333333,1132.315507,622,-1.960506642
118.9166667,1120.358507,622,-1.960506642
119,1108.402507,622,-1.960506642
119.0833333,1096.445507,622,-1.960506642
119.1666667,1084.489507,622,-1.960506642
119.25,1072.533507,622,-1.960506642
119.3333333,1060.576507,622,-1.960506642
119.4166667,1048.620507,622,-1.960506642
119.5,1048.620507,622,-1.960506642
119.5833333,1041.147507,622,-1.960506642
119.6666667,1033.675507,622,-1.960506642
119.75,1026.202507,622,-1.960506642
119.8333333,1018.729507,622,-1.960506642
119.9166667,1011.256507,622,-1.960506642
120,1003.784507,622,-1.960506642
120.0833333,996.3115066,622,-1.960506642
120.1666667,988.8385066,622,-1.960506642
120.25,981.3655066,622,-1.960506642
120.3333333,973.8935066,622,-1.960506642
120.4166667,966.4205066,622,-1.960506642
120.5,966.4205066,622,-1.960506642
120.5833333,959.0725066,622,-1.960506642
120.6666667,951.7245066,622,-1.960506642
120.75,944.3755066,622,-1.960506642
120.8333333,937.0275066,622,-1.960506642
120.9166667,929.6795066,622,-1.960506642
121,922.3315066,622,-1.960506642
121.0833333,914.9835066,622,-1.960506642
121.1666667,907.6355066,622,-1.960506642
121.25,900.2865066,622,-1.960506642
121.3333333,892.9385066,622,-1.960506642
121.4166667,885.5905066,622,-1.960506642
121.5,885.5905066,622,-1.960506642
121.5833333,880.4845066,622,-1.960506642
121.6666667,875.3775066,622,-1.960506642
121.75,870.2715066,622,-1.960506642
121.8333333,865.1655066,622,-1.960506642
121.9166667,860.0585066,622,-1.960506642
122,854.9525066,622,-1.960506642
122.0833333,849.8455066,622,-1.960506642
122.1666667,844.7395066,622,-1.960506642
122.25,839.6335066,622,-1.960506642
122.3333333,834.5265066,622,-1.960506642
122.4166667,829.4205066,622,-1.960506642
122.5,829.4205066,622,-1.960506642
122.5833333,827.8015066,622,-1.960506642
122.6666667,826.1825066,622,-1.960506642
122.75,824.5635066,622,-1.960506642
122.8333333,822.9445066,622,-1.960506642
122.9166667,821.3255066,622,-1.960506642
123,819.7055066,622,-1.960506642
123.0833333,818.0865066,622,-1.960506642
123.1666667,816.4675066,622,-1.960506642
123.25,814.8485066,622,-1.960506642
123.3333333,813.2295066,622,-1.960506642
123.4166667,811.6105066,622,-1.960506642
123.5,811.6105066,622,-1.960506642
123.5833333,810.4895066,622,-1.960506642
123.6666667,809.3685066,622,-1.960506642
123.75,808.2475066,622,-1.960506642
123.8333333,807.1265066,622,-1.960506642
123.9166667,806.0055066,622,-1.960506642
124,804.8855066,622,-1.960506642
124.0833333,803.7645066,622,-1.960506642
124.1666667,802.6435066,622,-1.960506642
124.25,801.5225066,622,-1.960506642
124.3333333,800.4015066,622,-1.960506642
124.4166667,799.2805066,622,-1.960506642
124.5,799.2805066,622,-1.960506642
124.5833333,797.7855066,622,-1.960506642
124.6666667,796.2915066,622,-1.960506642
124.75,794.7965066,622,-1.960506642
124.8333333,793.3025066,622,-1.960506642
124.9166667,791.8075066,622,-1.960506642
125,790.3135066,622,-1.960506642
125.0833333,788.8185066,622,-1.960506642
125.1666667,787.3245066,622,-1.960506642
125.25,785.8295066,622,-1.960506642
125.3333333,784.3355066,622,-1.960506642
125.4166667,782.8405066,622,-1.960506642
125.5,782.8405066,622,-1.960506642
125.5833333,786.8255066,622,-1.960506642
125.6666667,790.8115066,622,-1.960506642
125.75,794.7965066,622,-1.960506642
125.8333333,798.7825066,622,-1.960506642
125.9166667,802.7675066,622,-1.960506642
126,806.7535066,622,-1.960506642
126.0833333,810.7385066,622,-1.960506642
126.1666667,814.2918773,622,-1.527877251
126.25,817.0756358,622,-0.326635831
126.3333333,819.0967244,622,1.638275631
126.4166667,820.0562249,622,4.663775136
126.5,816.1765283,622,8.543471681
126.5833333,823.8532915,622,13.44570849
126.6666667,830.2918371,622,19.58616288
126.75,835.3931159,622,27.06388412
126.8333333,839.164024,622,35.87197596
126.9166667,841.2508238,622,46.3641762
127,841.8677585,622,58.32724154
127.0833333,841.2819754,622,71.4920246
127.1666667,839.6150166,622,85.73798343
127.25,836.7648176,622,101.1671824
127.3333333,836.2219094,622,114.2890906
127.4166667,834.3303486,622,128.7596514
127.5,818.6431719,622,144.4468281
127.5833333,806.5096568,622,169.5333432
127.6666667,793.502629,622,195.492371
127.75,781.6559512,622,220.2920488
127.8333333,770.3871736,622,244.5138264
127.9166667,757.926086,622,269.927914
128,743.0298873,622,297.7761127
128.0833333,727.2503103,622,326.5086897
128.1666667,710.7483833,622,355.9636167
128.25,690.1560587,622,389.5089413
128.3333333,669.0496722,622,423.5673278
128.4166667,645.5815376,622,459.9884624
128.5,616.942432,622,488.627568
128.5833333,586.7380948,622,532.6569052
128.6666667,569.0315274,622,564.1874726
128.75,549.6310677,622,597.4129323
128.8333333,530.2620611,622,630.6059389
128.9166667,495.7178774,622,678.9751226
129,476.3465044,622,712.1704956
129.0833333,456.9453686,622,745.3966314
129.1666667,438.0411837,622,778.1248163
129.25,423.8105562,622,806.1804438
129.3333333,411.9662533,622,831.8487467
129.4166667,400.7111612,622,856.9288388
129.5,390.9336777,622,866.7063223
129.5833333,380.0965767,622,891.1184233
129.6666667,372.1430468,622,912.6479532
129.75,364.7916019,622,933.5743981
129.8333333,374.6429428,622,937.2990572
129.9166667,370.0320871,622,955.4849129
130,366.1010402,622,972.9919598
130.0833333,341.871664,622,1010.796336
130.1666667,314.20631,622,1052.03769
130.25,287.149127,622,1092.669873
130.3333333,280.864223,622,1112.530777
130.4166667,274.700355,622,1132.269645
130.5,236.302021,622,1170.667979
130.5833333,228.162816,622,1191.386184
130.6666667,220.505674,622,1211.622326
130.75,194.653211,622,1250.053789
130.8333333,188.444284,622,1268.841716
130.9166667,164.114408,622,1305.750592
131,161.420534,622,1321.024466
131.0833333,159.138083,622,1335.885917
131.1666667,157.060493,622,1350.542507
131.25,135.620624,622,1384.561376
131.3333333,115.544797,622,1417.216203
131.4166667,134.131322,622,1411.208678
131.5,121.710609,622,1423.629391
131.5833333,99.508054,622,1454.425946
131.6666667,96.764812,622,1465.762188
131.75,75.771132,622,1495.349868
131.8333333,73.509938,622,1506.205062
131.9166667,71.591881,622,1516.716119
132,70.229906,622,1526.672094
132.0833333,69.101877,622,1536.393123
132.1666667,68.653657,622,1545.435343
132.25,68.515431,622,1554.167569
132.3333333,49.661973,622,1581.614027
132.4166667,31.269605,622,1608.600395
132.5,43.520278,622,1596.349722
132.5833333,41.692604,622,1603.657396
132.6666667,40.412236,622,1610.417764
132.75,40.501656,622,1615.808344
132.8333333,41.144467,622,1620.645533
132.9166667,41.771052,622,1625.498948
133,43.652486,622,1629.097514
133.0833333,45.705989,622,1632.524011
133.1666667,48.432892,622,1635.277108
133.25,52.399095,622,1636.790905
133.3333333,56.329125,622,1638.340875
133.4166667,41.375899,622,1658.774101
133.5,41.639579,622,1658.510421
133.5833333,44.992016,622,1657.523984
133.6666667,48.955636,622,1655.927364
133.75,53.645407,622,1653.603593
133.8333333,58.989647,622,1650.625353
133.9166667,65.087053,622,1646.894947
134,71.959288,622,1642.388712
134.0833333,79.59517,622,1637.11983
134.1666667,87.884182,622,1631.196818
134.25,97.330347,622,1624.116653
134.3333333,144.038977,622,1579.775023
134.4166667,154.474959,622,1571.705041
134.5,199.989292,622,1526.190708
134.5833333,251.341364,622,1480.193636
134.6666667,266.78856,622,1470.10244
134.75,283.578851,622,1458.667149
134.8333333,301.033063,622,1446.568937
134.9166667,319.28712,622,1433.66988
135,338.070215,622,1420.242785
135.0833333,357.453705,622,1406.214295
135.1666667,377.354739,622,1391.669261
135.25,361.460454,622,1412.918546
135.3333333,383.285681,622,1396.449319
135.4166667,369.018779,622,1416.071221
135.5,350.350185,622,1434.739815
135.5833333,374.253836,622,1416.067164
135.6666667,398.816012,622,1396.735988
135.75,424.08438,622,1376.69862
135.8333333,449.777341,622,1356.236659
135.9166667,476.275543,622,1334.969457
136,503.708811,622,1312.766189
136.0833333,532.26406,622,1289.44194
136.1666667,561.303737,622,1265.633263
136.25,590.955966,622,1241.212034
136.3333333,621.271115,622,1216.127885
136.4166667,652.169741,622,1190.460259
136.5,678.498598,622,1164.131402
136.5833333,696.342259,622,1137.195741
136.6666667,714.830247,622,1109.615753
136.75,734.283698,622,1081.071302
136.8333333,754.35208,622,1051.91092
136.9166667,775.257479,622,1021.913521
137,823.8676078,622,964.2113922
137.0833333,866.8836488,622,912.1033512
137.1666667,890.7273977,622,879.1676023
137.25,915.3628508,622,845.4411492
137.3333333,940.9894869,622,810.7225131
137.4166667,967.5717967,622,775.0482033
137.5,1004.064193,622,738.5558073
137.5833333,1028.532267,622,701.6327327
137.6666667,1058.831052,622,658.8799481
137.75,1084.504959,622,620.7510414
137.8333333,1110.660914,622,582.1410865
137.9166667,1118.964651,622,561.3823493
138,1125.189522,622,542.7034783
138.0833333,1151.666607,622,503.7713934
138.1666667,1178.074478,622,464.909522
138.25,1204.540035,622,425.9889646
138.3333333,1230.525883,622,387.5491175
138.4166667,1255.704475,622,349.9155249
138.5,1292.922872,622,312.697128
138.5833333,1319.003803,622,281.8831974
138.6666667,1349.093207,622,247.0617933
138.75,1377.551016,622,213.870984
138.8333333,1395.241288,622,191.4477117
138.9166667,1419.514181,622,162.4418195
139,1441.370242,622,135.8537577
139.0833333,1460.435349,622,112.0556508
139.1666667,1476.500419,622,91.25758129
139.25,1490.003803,622,73.02119692
139.3333333,1501.182277,622,57.11072319
139.4166667,1509.630719,622,43.92928058
139.5,1520.946956,622,32.61304431
139.5833333,1520.654673,622,23.56432692
139.6666667,1518.262241,622,16.61575878
139.75,1514.231879,622,11.30512111
139.8333333,1508.908906,622,7.287093611
139.9166667,1502.502727,622,4.352273225
140,1495.510259,622,2.004740771
140.0833333,1487.876142,622,0.297857786
140.1666667,1479.61554,622,-0.782540116
140.25,1470.934175,622,-1.442174597
140.3333333,1462.111507,622,-1.960506642
140.4166667,1452.770507,622,-1.960506642
140.5,1452.770507,622,-1.960506642
140.5833333,1436.205507,622,-1.960506642
140.6666667,1419.641507,622,-1.960506642
140.75,1403.076507,622,-1.960506642
140.8333333,1386.512507,622,-1.960506642
140.9166667,1369.947507,622,-1.960506642
141,1353.383507,622,-1.960506642
141.0833333,1336.818507,622,-1.960506642
141.1666667,1320.254507,622,-1.960506642
141.25,1303.689507,622,-1.960506642
141.3333333,1287.125507,622,-1.960506642
141.4166667,1270.560507,622,-1.960506642
141.5,1270.560507,622,-1.960506642
141.5833333,1255.988507,622,-1.960506642
141.6666667,1241.416507,622,-1.960506642
141.75,1226.845507,622,-1.960506642
141.8333333,1212.273507,622,-1.960506642
141.9166667,1197.701507,622,-1.960506642
142,1183.129507,622,-1.960506642
142.0833333,1168.557507,622,-1.960506642
142.1666667,1153.985507,622,-1.960506642
142.25,1139.414507,622,-1.960506642
142.3333333,1124.842507,622,-1.960506642
142.4166667,1110.270507,622,-1.960506642
142.5,1110.270507,622,-1.960506642
142.5833333,1098.563507,622,-1.960506642
142.6666667,1086.855507,622,-1.960506642
142.75,1075.148507,622,-1.960506642
142.8333333,1063.441507,622,-1.960506642
142.9166667,1051.734507,622,-1.960506642
143,1040.026507,622,-1.960506642
143.0833333,1028.319507,622,-1.960506642
143.1666667,1016.612507,622,-1.960506642
143.25,1004.905507,622,-1.960506642
143.3333333,993.1975066,622,-1.960506642
143.4166667,981.4905066,622,-1.960506642
143.5,981.4905066,622,-1.960506642
143.5833333,969.2855066,622,-1.960506642
143.6666667,957.0795066,622,-1.960506642
143.75,944.8745066,622,-1.960506642
143.8333333,932.6685066,622,-1.960506642
143.9166667,920.4635066,622,-1.960506642
144,908.2575066,622,-1.960506642
144.0833333,896.0525066,622,-1.960506642
144.1666667,883.8465066,622,-1.960506642
144.25,871.6415066,622,-1.960506642
144.3333333,859.4355066,622,-1.960506642
144.4166667,847.2305066,622,-1.960506642
144.5,847.2305066,622,-1.960506642
144.5833333,839.7575066,622,-1.960506642
144.6666667,832.2855066,622,-1.960506642
144.75,824.8125066,622,-1.960506642
144.8333333,817.3395066,622,-1.960506642
144.9166667,809.8665066,622,-1.960506642
145,802.3945066,622,-1.960506642
145.0833333,794.9215066,622,-1.960506642
145.1666667,787.4485066,622,-1.960506642
145.25,779.9755066,622,-1.960506642
145.3333333,772.5035066,622,-1.960506642
145.4166667,765.0305066,622,-1.960506642
145.5,765.0305066,622,-1.960506642
145.5833333,758.8035066,622,-1.960506642
145.6666667,752.5755066,622,-1.960506642
145.75,746.3485066,622,-1.960506642
145.8333333,740.1215066,622,-1.960506642
145.9166667,733.8945066,622,-1.960506642
146,727.6665066,622,-1.960506642
146.0833333,721.4395066,622,-1.960506642
146.1666667,715.2125066,622,-1.960506642
146.25,708.9855066,622,-1.960506642
146.3333333,702.7575066,622,-1.960506642
146.4166667,696.5305066,622,-1.960506642
146.5,696.5305066,622,-1.960506642
146.5833333,693.5415066,622,-1.960506642
146.6666667,690.5525066,622,-1.960506642
146.75,687.5635066,622,-1.960506642
146.8333333,684.5745066,622,-1.960506642
146.9166667,681.5855066,622,-1.960506642
147,678.5955066,622,-1.960506642
147.0833333,675.6065066,622,-1.960506642
147.1666667,672.6175066,622,-1.960506642
147.25,669.6285066,622,-1.960506642
147.3333333,666.6395066,622,-1.960506642
147.4166667,663.6505066,622,-1.960506642
147.5,663.6505066,622,-1.960506642
147.5833333,661.9065066,622,-1.960506642
147.6666667,660.1635066,622,-1.960506642
147.75,658.4195066,622,-1.960506642
147.8333333,656.6755066,622,-1.960506642
147.9166667,654.9325066,622,-1.960506642
148,653.1885066,622,-1.960506642
148.0833333,651.4455066,622,-1.960506642
148.1666667,649.7015066,622,-1.960506642
148.25,647.9575066,622,-1.960506642
148.3333333,646.2145066,622,-1.960506642
148.4166667,644.4705066,622,-1.960506642
148.5,644.4705066,622,-1.960506642
148.5833333,643.4745066,622,-1.960506642
148.6666667,642.4775066,622,-1.960506642
148.75,641.4815066,622,-1.960506642
148.8333333,640.4855066,622,-1.960506642
148.9166667,639.4885066,622,-1.960506642
149,638.4925066,622,-1.960506642
149.0833333,637.4955066,622,-1.960506642
149.1666667,636.4995066,622,-1.960506642
149.25,635.5035066,622,-1.960506642
149.3333333,634.5065066,622,-1.960506642
149.4166667,633.5105066,622,-1.960506642
149.5,633.5105066,622,-1.960506642
149.5833333,634.8805066,622,-1.960506642
149.6666667,636.2505066,622,-1.960506642
149.75,637.6205066,622,-1.960506642
149.8333333,638.9905066,622,-1.960506642
149.9166667,640.3605066,622,-1.960506642
150,641.7305066,622,-1.960506642
150.0833333,643.1005066,622,-1.960506642
150.1666667,643.9944061,622,-1.484406105
150.25,644.1195255,622,-0.239525528
150.3333333,643.5228156,622,1.727184371
150.4166667,642.1295872,622,4.490412845
150.5,638.3503935,622,8.269606472
150.5833333,643.1354364,622,13.19956357
150.6666667,646.8225,622,19.22650002
150.75,649.2158236,622,26.54817637
150.8333333,650.2348103,622,35.24318975
150.9166667,649.6661206,622,45.5268794
151,647.5670828,622,57.33991717
151.0833333,644.3248953,622,70.29710475
151.1666667,639.9788279,622,84.35717206
151.25,630.8833701,622,103.1676299
151.3333333,619.4004666,622,124.3645334
151.4166667,605.5991702,622,147.8808298
151.5,579.7557562,622,173.7242438
151.5833333,563.7137795,622,202.0962205
151.6666667,545.2462783,622,232.8937217
151.75,524.4244126,622,266.0455874
151.8333333,501.4293783,622,301.3706217
151.9166667,476.3069817,622,338.8230183
152,449.0318349,622,378.4281651
152.0833333,419.9821169,622,419.8078831
152.1666667,392.5278362,622,459.5921638
152.25,364.6160357,622,499.8339643
152.3333333,336.4569162,622,540.3230838
152.4166667,308.0151851,622,581.0948149
152.5,267.3637329,622,621.7462671
152.5833333,240.7576908,622,662.1773092
152.6666667,214.3879613,622,702.3710387
152.75,188.5138021,622,742.0701979
152.8333333,163.247137,622,781.160863
152.9166667,138.8323491,622,819.4006509
153,115.2170688,622,856.8399312
153.0833333,92.5689417,622,893.3130583
153.1666667,70.7439859,622,928.9620141
153.25,49.7654986,622,963.7655014
153.3333333,29.8285643,622,997.5264357
153.4166667,10.739789,622,1030.440211
153.5,-21.344745,622,1062.524745
153.5833333,-40.580417,622,1093.592417
153.6666667,-59.001384,622,1123.845384
153.75,-76.716484,622,1153.391484
153.8333333,-93.883953,622,1182.390953
153.9166667,-109.801305,622,1210.140305
154,-125.152082,622,1237.323082
154.0833333,-139.814584,622,1263.817584
154.1666667,-153.45955,622,1289.29455
154.25,-166.448003,622,1314.114003
154.3333333,-178.48046,622,1337.97846
154.4166667,-189.552848,622,1360.882848
154.5,-211.40657,622,1382.73657
154.5833333,-220.429895,622,1403.964895
154.6666667,-228.263291,622,1424.004291
154.75,-235.173452,622,1443.119452
154.8333333,-241.664105,622,1461.816105
154.9166667,-246.950263,622,1479.307263
155,-251.35581,622,1495.91881
155.0833333,-255.007824,622,1511.775824
155.1666667,-257.212989,622,1526.186989
155.25,-258.4601,622,1539.6391
155.3333333,-258.375638,622,1551.760638
155.4166667,-257.13198,622,1562.72198
155.5,-267.231627,622,1572.821627
155.5833333,-265.293226,622,1581.843226
155.6666667,-262.090848,622,1589.600848
155.75,-258.387138,622,1596.857138
155.8333333,-253.546559,622,1602.976559
155.9166667,-248.029537,622,1608.419537
156,-241.249891,622,1612.599891
156.0833333,-234.220423,622,1616.530423
156.1666667,-225.740036,622,1619.010036
156.25,-217.104145,622,1621.334145
156.3333333,-207.531849,622,1622.721849
156.4166667,-197.178991,622,1623.328991
156.5,-197.858476,622,1624.008476
156.5833333,-187.662686,622,1623.402686
156.6666667,-176.958128,622,1622.288128
156.75,-166.450317,622,1621.370317
156.8333333,-155.367816,622,1619.877816
156.9166667,-144.543588,622,1618.643588
157,-133.345135,622,1617.035135
157.0833333,-122.741317,622,1616.021317
157.1666667,-111.655774,622,1614.525774
157.25,-100.96271,622,1613.42271
157.3333333,-89.922128,622,1611.972128
157.4166667,-78.473517,622,1610.113517
157.5,-77.313322,622,1608.953322
157.5833333,-70.969165,622,1607.342165
157.6666667,-63.847474,622,1604.952474
157.75,-56.206211,622,1602.044211
157.8333333,-49.002725,622,1599.573725
157.9166667,-41.328671,622,1596.632671
158,-32.994049,622,1593.030049
158.0833333,-24.098612,622,1588.867612
158.1666667,-15.927622,622,1585.429622
158.25,-6.977082,622,1581.212082
158.3333333,2.570133,622,1576.396867
158.4166667,12.869162,622,1570.830838
158.5,19.125832,622,1564.574168
158.5833333,25.541242,622,1558.407758
158.6666667,32.647969,622,1551.550031
158.75,41.404729,622,1543.042271
158.8333333,51.216549,622,1533.479451
158.9166667,61.095304,622,1523.849696
159,71.817823,622,1513.377177
159.0833333,84.451365,622,1500.992635
159.1666667,97.352982,622,1488.340018
159.25,111.100068,622,1474.841932
159.3333333,155.651146,622,1430.539854
159.4166667,187.119942,622,1399.320058
159.5,210.272798,622,1376.167202
159.5833333,229.08456,622,1354.74044
159.6666667,274.706918,622,1306.502082
159.75,314.130736,622,1264.463264
159.8333333,377.734766,622,1198.243234
159.9166667,466.404675,622,1106.958325
160,543.942202,622,1026.804798
160.0833333,625.1043104,622,943.0276896
160.1666667,718.6386022,622,846.8773978
160.25,787.8626339,622,775.0383661
160.3333333,882.7062357,622,677.5787643
160.4166667,989.9219927,622,567.7480073
160.5,1099.457867,622,458.2121333
160.5833333,1173.744507,622,382.0574934
160.6666667,1247.868408,622,306.0655919
160.75,1281.140812,622,270.9241877
160.8333333,1287.382583,622,262.814417
160.9166667,1300.759385,622,247.5696154
161,1269.724918,622,276.7360824
161.0833333,1226.195568,622,318.3974316
161.1666667,1192.784358,622,349.9406422
161.25,1143.492889,622,397.3631107
161.3333333,1089.013523,622,449.9744775
161.4166667,1035.532863,622,501.5871368
161.5,992.5550035,622,544.5649965
161.5833333,951.5717083,622,579.3212917
161.6666667,930.1250719,622,594.5399281
161.75,912.5605789,622,605.8774211
161.8333333,901.4233708,622,610.7876292
161.9166667,935.0260181,622,570.9579819
162,971.130908,622,528.625092
162.0833333,991.2231643,622,502.3058357
162.1666667,1017.809944,622,469.492056
162.25,1047.799828,622,433.2751725
162.3333333,1080.358651,622,394.4883487
162.4166667,1112.223508,622,356.3964925
162.5,1149.414556,622,319.205444
162.5833333,1182.096531,622,283.4094693
162.6666667,1213.339505,622,249.0534955
162.75,1242.601439,622,216.677561
162.8333333,1268.277113,622,187.8878869
162.9166667,1291.042684,622,162.0093156
163,1313.512072,622,136.425928
163.0833333,1332.572138,622,114.2528616
163.1666667,1349.462664,622,94.24833581
163.25,1364.176854,622,76.42014608
163.3333333,1376.454752,622,61.02924842
163.4166667,1386.643832,622,47.72616786
163.5,1398.219185,622,36.15081458
163.5833333,1397.447314,622,26.70968622
163.6666667,1394.756711,622,19.18828863
163.75,1390.488974,622,13.24302558
163.8333333,1385.046337,622,8.472662931
163.9166667,1378.151255,622,5.154744899
164,1370.539336,622,2.554663793
164.0833333,1362.086699,622,0.794300951
164.1666667,1353.050134,622,-0.382134198
164.25,1343.829199,622,-1.374199062
164.3333333,1334.203507,622,-1.960506642
164.4166667,1323.990507,622,-1.960506642
164.5,1323.990507,622,-1.960506642
164.5833333,1312.283507,622,-1.960506642
164.6666667,1300.575507,622,-1.960506642
164.75,1288.868507,622,-1.960506642
164.8333333,1277.161507,622,-1.960506642
164.9166667,1265.454507,622,-1.960506642
165,1253.746507,622,-1.960506642
165.0833333,1242.039507,622,-1.960506642
165.1666667,1230.332507,622,-1.960506642
165.25,1218.625507,622,-1.960506642
165.3333333,1206.917507,622,-1.960506642
165.4166667,1195.210507,622,-1.960506642
165.5,1195.210507,622,-1.960506642
165.5833333,1179.517507,622,-1.960506642
165.6666667,1163.825507,622,-1.960506642
165.75,1148.132507,622,-1.960506642
165.8333333,1132.439507,622,-1.960506642
165.9166667,1116.746507,622,-1.960506642
166,1101.054507,622,-1.960506642
166.0833333,1085.361507,622,-1.960506642
166.1666667,1069.668507,622,-1.960506642
166.25,1053.975507,622,-1.960506642
166.3333333,1038.283507,622,-1.960506642
166.4166667,1022.590507,622,-1.960506642
166.5,1022.590507,622,-1.960506642
166.5833333,1010.509507,622,-1.960506642
166.6666667,998.4285066,622,-1.960506642
166.75,986.3475066,622,-1.960506642
166.8333333,974.2665066,622,-1.960506642
166.9166667,962.1855066,622,-1.960506642
167,950.1055066,622,-1.960506642
167.0833333,938.0245066,622,-1.960506642
167.1666667,925.9435066,622,-1.960506642
167.25,913.8625066,622,-1.960506642
167.3333333,901.7815066,622,-1.960506642
167.4166667,889.7005066,622,-1.960506642
167.5,889.7005066,622,-1.960506642
167.5833333,889.7005066,622,-1.960506642
167.6666667,889.7005066,622,-1.960506642
167.75,889.7005066,622,-1.960506642
167.8333333,889.7005066,622,-1.960506642
167.9166667,889.7005066,622,-1.960506642
