simulation_time_hrs, pu_Vrms, pev_kVAR, pev_kW
6.004166666666666, 1.0477776696199623, 0, 0
6.020833333333333, 1.0477528663957916, 0.0, 0.0
6.0375, 1.047727800856808, 0.0, 0.0
6.054166666666666, 1.0477023360860962, 0.0, 0.0
6.070833333333334, 1.0476912444083355, 0.0, 0.0
6.0875, 1.0476799881479002, 0.0, 0.0
6.104166666666667, 1.0476686413948617, 0.0, 0.0
6.120833333333334, 1.0476572037173786, 0.0, 0.0
6.1375, 1.047645674695601, 0.0, 0.0
6.154166666666667, 1.0476290902247993, 0.0, 0.0
6.170833333333333, 1.047627801500621, 0.0, 0.0
6.1875, 1.0476264015529362, 0.0, 0.0
6.204166666666667, 1.047624980469551, 0.0, 0.0
6.220833333333333, 1.0476235387899755, 0.0, 0.0
6.2375, 1.0476220764939819, 0.0, 0.0
6.254166666666666, 1.0476205935424532, 0.0, 0.0
6.270833333333333, 1.0476263842779203, 0.0, 0.0
6.2875, 1.0476248879127876, 0.0, 0.0
6.304166666666666, 1.0476233456784154, 0.0, 0.0
6.320833333333334, 1.0476217823973601, 0.0, 0.0
6.3375, 1.0476201982885764, 0.0, 0.0
6.354166666666667, 1.0476185933435362, 0.0, 0.0
6.370833333333334, 1.0476169675412514, 0.0, 0.0
6.3875, 1.047615320863188, 0.0, 0.0
6.404166666666667, 1.0476136532959284, 0.0, 0.0
6.420833333333333, 1.0476119648185185, 0.0, 0.0
6.4375, 1.047610255415038, 0.0, 0.0
6.454166666666667, 1.0476085250671003, 0.0, 0.0
6.470833333333333, 1.0476067737537866, 0.0, 0.0
6.4875, 1.0476050014541858, 0.0, 0.0
6.504166666666666, 1.0476032081474127, 0.0, 0.0
6.520833333333333, 1.0476013938050015, 0.0, 0.0
6.5375, 1.0475995584111297, 0.0, 0.0
6.554166666666666, 1.0475977019399665, 0.0, 0.0
6.570833333333334, 1.0475958243706933, 0.0, 0.0
6.5875, 1.047593925685098, 0.0, 0.0
6.604166666666667, 1.0475920058574093, 0.0, 0.0
6.620833333333334, 1.0475900648491472, 0.0, 0.0
6.6375, 1.047588102636963, 0.0, 0.0
6.654166666666667, 1.0475861192103395, 0.0, 0.0
6.670833333333333, 1.0475841145690328, 0.0, 0.0
6.6875, 1.0475820887078406, 0.0, 0.0
6.704166666666667, 1.0475800417558874, 0.0, 0.0
6.720833333333333, 1.0475716394555075, 0.0, 0.0
6.7375, 1.0475696073906713, 0.0, 0.0
6.754166666666666, 1.0475675014776678, 0.0, 0.0
6.770833333333333, 1.0475653751455354, 0.0, 0.0
6.7875, 1.0475632294080257, 0.0, 0.0
6.804166666666666, 1.0475610644211204, 0.0, 0.0
6.820833333333334, 1.0475588805428981, 0.0, 0.0
6.8375, 1.04755667791039, 0.0, 0.0
6.854166666666667, 1.04755445651445, 0.0, 0.0
6.870833333333334, 1.0475522163269668, 0.0, 0.0
6.8875, 1.0475499573272808, 0.0, 0.0
6.904166666666667, 1.0475476795125338, 0.0, 0.0
6.920833333333333, 1.047545382902813, 0.0, 0.0
6.9375, 1.0475430675082968, 0.0, 0.0
6.954166666666667, 1.0475407336654963, 0.0, 0.0
6.970833333333333, 1.0475383822146664, 0.0, 0.0
6.9875, 1.0475360135221126, 0.0, 0.0
7.004166666666666, 1.0475336282308167, 0.0, 0.0
7.020833333333333, 1.0475312278537703, 0.0, 0.0
7.0375, 1.0475288130511204, 0.0, 0.0
7.054166666666666, 1.0475263841871756, 0.0, 0.0
7.070833333333334, 1.0475239421042284, 0.0, 0.0
7.0875, 1.047521487157852, 0.0, 0.0
7.104166666666667, 1.0475190193579174, 0.0, 0.0
7.120833333333334, 1.0475165387391396, 0.0, 0.0
7.1375, 1.0475140452985117, 0.0, 0.0
7.154166666666667, 1.0475115390251235, 0.0, 0.0
7.170833333333333, 1.0475090198978922, 0.0, 0.0
7.1875, 1.0475064879032436, 0.0, 0.0
7.204166666666667, 1.0475039431819237, 0.0, 0.0
7.220833333333333, 1.0475013860833193, 0.0, 0.0
7.2375, 1.0474988167562855, 0.0, 0.0
7.254166666666666, 1.047496235469288, 0.0, 0.0
7.270833333333333, 1.0474936428482378, 0.0, 0.0
7.2875, 1.0474910391630272, 0.0, 0.0
7.304166666666666, 1.047488424559106, 0.0, 0.0
7.320833333333334, 1.0474857993855802, 0.0, 0.0
7.3375, 1.0474831637783906, 0.0, 0.0
7.354166666666667, 1.0474805177376678, 0.0, 0.0
7.370833333333334, 1.0474778612750202, 0.0, 0.0
7.3875, 1.0474751943844633, 0.0, 0.0
7.404166666666667, 1.047472517047234, 0.0, 0.0
7.420833333333333, 1.0474698292343594, 0.0, 0.0
7.4375, 1.047467130929423, 0.0, 0.0
7.454166666666667, 1.0474644221135991, 0.0, 0.0
7.470833333333333, 1.047461702768049, 0.0, 0.0
7.4875, 1.0474589728714154, 0.0, 0.0
7.504166666666666, 1.0474562324073828, 0.0, 0.0
7.520833333333333, 1.0474534813369494, 0.0, 0.0
7.5375, 1.0474507196411416, 0.0, 0.0
7.554166666666666, 1.0474479473036924, 0.0, 0.0
7.570833333333334, 1.0474451643033134, 0.0, 0.0
7.5875, 1.0474423706212088, 0.0, 0.0
7.604166666666667, 1.0474395662335627, 0.0, 0.0
7.620833333333334, 1.0474367510988443, 0.0, 0.0
7.6375, 1.0474339251880154, 0.0, 0.0
7.654166666666667, 1.0474310885075087, 0.0, 0.0
7.670833333333333, 1.0474109217939278, 0.0, 0.0
7.6875, 1.0474081581736447, 0.0, 0.0
7.704166666666667, 1.0474052638581117, 0.0, 0.0
7.720833333333333, 1.0474023588566979, 0.0, 0.0
7.7375, 1.0473994444089338, 0.0, 0.0
7.754166666666666, 1.0473965210994056, 0.0, 0.0
7.770833333333333, 1.0473935902892093, 0.0, 0.0
7.7875, 1.0473906525625152, 0.0, 0.0
7.804166666666666, 1.047387708266971, 0.0, 0.0
7.820833333333334, 1.0473847581627627, 0.0, 0.0
7.8375, 1.0473818025786108, 0.0, 0.0
7.854166666666667, 1.0473788415159084, 0.0, 0.0
7.870833333333334, 1.0473758749602413, 0.0, 0.0
7.8875, 1.0473729029046814, 0.0, 0.0
7.904166666666667, 1.047369925375451, 0.0, 0.0
7.920833333333333, 1.0473669424550542, 0.0, 0.0
7.9375, 1.047363954193432, 0.0, 0.0
7.954166666666667, 1.0473609613245478, 0.0, 0.0
7.970833333333333, 1.0473579655985457, 0.0, 0.0
7.9875, 1.047350000054886, 0.0, 0.0
8.004166666666666, 1.0473470683591546, 0.0, 0.0
8.020833333333334, 1.0473440765113118, 0.0, 0.0
8.0375, 1.0473410875459794, 0.0, 0.0
8.054166666666667, 1.0473381031644122, 0.0, 0.0
8.070833333333333, 1.0473351251357486, 0.0, 0.0
8.0875, 1.047332154220124, 0.0, 0.0
8.104166666666666, 1.0473291904897106, 0.0, 0.0
8.120833333333334, 1.0473262340404308, 0.0, 0.0
8.1375, 1.0473232849125642, 0.0, 0.0
8.154166666666667, 1.0473203431204574, 0.0, 0.0
8.170833333333333, 1.047317408660435, 0.0, 0.0
8.1875, 1.0473144815489595, 0.0, 0.0
8.204166666666667, 1.0473115621275868, 0.0, 0.0
8.220833333333333, 1.0473086511927487, 0.0, 0.0
8.2375, 1.0473057491111313, 0.0, 0.0
8.254166666666666, 1.047310327192955, 0.0, 0.0
8.270833333333334, 1.0472186036082813, 0.0, 17.56666666666691
8.2875, 1.0472034052751924, 0.0, 20.0
8.304166666666667, 1.0472005481722826, 0.0, 20.0
8.320833333333333, 1.0472056174276998, 0.0, 20.0
8.3375, 1.0472028385324168, 0.0, 20.0
8.354166666666666, 1.0472000280244262, 0.0, 20.0
8.370833333333334, 1.0471910082086422, 0.0, 20.0
8.3875, 1.0471882983207346, 0.0, 20.0
8.404166666666667, 1.0471855302573074, 0.0, 20.0
8.420833333333333, 1.0471827741279778, 0.0, 20.0
8.4375, 1.047180031055734, 0.0, 20.0
8.454166666666667, 1.0471773010728538, 0.0, 20.0
8.470833333333333, 1.0471745842080156, 0.0, 20.0
8.4875, 1.0471718804746466, 0.0, 20.0
8.504166666666666, 1.0471540648247577, 0.0, 20.0
8.520833333333334, 1.047151551602581, 20.0, 0.05453479467803909
8.5375, 1.0471491449220491, 20.0, 0.0
8.554166666666667, 1.047146474200901, 20.0, 0.0
8.570833333333333, 1.0471438167680829, 20.0, 0.0
8.5875, 1.047141172695237, 20.0, 0.0
8.604166666666666, 1.047138542008596, 20.0, 0.0
8.620833333333334, 1.0471359247572491, 20.0, 0.0
8.6375, 1.047133320975276, 20.0, 0.0
8.654166666666667, 1.0471307306483078, 20.0, 0.0
8.670833333333333, 1.047128153738615, 20.0, 0.0
8.6875, 1.0471255902285816, 20.0, 0.0
8.704166666666667, 1.0471230397526048, 20.0, 0.0
8.720833333333333, 1.047120501430735, 20.0, 0.0
8.7375, 1.0471179748607913, 20.0, 0.0
8.754166666666666, 1.0471154593634906, 20.0, 0.0
8.770833333333334, 1.0471248917333615, 0.0, 17.56666666666691
8.7875, 1.047090766794752, 0.0, 20.0
8.804166666666667, 1.0470883914868632, 0.0, 20.0
8.820833333333333, 1.0470858883125231, 0.0, 20.0
8.8375, 1.0470833911326456, 0.0, 20.0
8.854166666666666, 1.0470809010716893, 0.0, 20.0
8.870833333333334, 1.0470784181589634, 0.0, 20.0
8.8875, 1.0470759424014082, 0.0, 20.0
8.904166666666667, 1.0470734737672978, 0.0, 20.0
8.920833333333333, 1.0470710121578786, 0.0, 20.0
8.9375, 1.0470685575121463, 0.0, 20.0
8.954166666666667, 1.0470661089571962, 0.0, 20.0
8.970833333333333, 1.0470636644278764, 0.0, 20.0
8.9875, 1.0470612229691028, 0.0, 20.0
9.004166666666666, 1.0470587829843239, 0.0, 20.0
9.020833333333334, 1.0470564475883626, 20.0, 0.05453479467803909
9.0375, 1.0470542782730348, 20.0, 0.0
9.054166666666667, 1.0470518274034286, 20.0, 0.0
9.070833333333333, 1.0470493695646512, 20.0, 0.0
9.0875, 1.0470469038993464, 20.0, 0.0
9.104166666666666, 1.0470444303196287, 20.0, 0.0
9.120833333333334, 1.0470419487205995, 20.0, 0.0
9.1375, 1.0470394590433165, 20.0, 0.0
9.154166666666667, 1.0470369612856796, 20.0, 0.0
9.170833333333333, 1.0470344554461903, 20.0, 0.0
9.1875, 1.0470319415054334, 20.0, 0.0
9.204166666666667, 1.0470294190776204, 20.0, 0.0
9.220833333333333, 1.0470268872328823, 20.0, 0.0
9.2375, 1.0470243455555968, 20.0, 0.0
9.254166666666666, 1.0470217933334975, 20.0, 0.0
9.270833333333334, 1.047031162204912, 0.0, 17.56666666666691
9.2875, 1.0470162697424368, 0.0, 20.0
9.304166666666667, 1.0470136765607871, 0.0, 20.0
9.320833333333333, 1.0470110717024264, 0.0, 20.0
9.3375, 1.0470084522526864, 0.0, 20.0
9.354166666666666, 1.047005818137749, 0.0, 20.0
9.370833333333334, 1.0470031692976032, 0.0, 20.0
9.3875, 1.0470005056927851, 0.0, 20.0
9.404166666666667, 1.0469978273224547, 0.0, 20.0
9.420833333333333, 1.0469951342015429, 0.0, 20.0
9.4375, 1.0469924263323578, 0.0, 20.0
9.454166666666667, 1.0469897036966112, 0.0, 20.0
9.470833333333333, 1.046986966280933, 0.0, 20.0
9.4875, 1.046984214069457, 0.0, 20.0
9.504166666666666, 1.0469814470514214, 0.0, 20.0
9.520833333333334, 1.0469787735558336, 20.0, 0.05453479467600326
9.5375, 1.04697625385665, 20.0, 0.0
9.554166666666667, 1.0469734424591857, 20.0, 0.0
9.570833333333333, 1.0469706161523364, 20.0, 0.0
9.5875, 1.0469677749703925, 20.0, 0.0
9.604166666666666, 1.0469649189129593, 20.0, 0.0
9.620833333333334, 1.0469620479976554, 20.0, 0.0
9.6375, 1.0469591622269523, 20.0, 0.0
9.654166666666667, 1.0469562615622527, 20.0, 0.0
9.670833333333333, 1.0469533459236313, 20.0, 0.0
9.6875, 1.0469504152588882, 20.0, 0.0
9.704166666666667, 1.0469474691325653, 20.0, 0.0
9.720833333333333, 1.046944506527435, 20.0, 0.0
9.7375, 1.046941526965054, 20.0, 0.0
9.754166666666666, 1.0469385296479978, 20.0, 0.0
9.770833333333334, 1.0469474451187326, 0.0, 17.56666666666691
9.7875, 1.046932091712615, 0.0, 20.0
9.804166666666667, 1.0469290309733004, 0.0, 20.0
9.820833333333333, 1.0469259507981008, 0.0, 20.0
9.8375, 1.0469228482483988, 0.0, 20.0
9.854166666666666, 1.0469197232673388, 0.0, 20.0
9.870833333333334, 1.0469165758351766, 0.0, 20.0
9.8875, 1.0469086761097377, 0.0, 20.0
9.904166666666667, 1.046905565962354, 0.0, 20.0
9.920833333333333, 1.046902355729253, 0.0, 20.0
9.9375, 1.0468991213805057, 0.0, 20.0
9.954166666666667, 1.0468958632462617, 0.0, 20.0
9.970833333333333, 1.0468925790137313, 0.0, 20.0
9.9875, 1.0468680555594883, 0.0, 20.0
10.004166666666666, 1.0468648508332477, 0.0, 20.0
10.020833333333334, 1.0468615634843075, 20.0, 0.05453479467600326
10.0375, 1.04685840118991, 20.0, 0.0
10.054166666666667, 1.046955765530793, 0.0, 0.0
10.070833333333333, 1.0469522740571842, 0.0, 0.0
10.0875, 1.0469426464642977, 0.0, 0.0
10.104166666666666, 1.0469391520594071, 0.0, 0.0
10.120833333333334, 1.0469355231374167, 0.0, 0.0
10.1375, 1.0469318523418547, 0.0, 0.0
10.154166666666667, 1.0469281413000728, 0.0, 0.0
10.170833333333333, 1.0469243900098415, 0.0, 0.0
10.1875, 1.0469205983972945, 0.0, 0.0
10.204166666666667, 1.0469167659821783, 0.0, 0.0
10.220833333333333, 1.046921338141819, 0.0, 0.0
10.2375, 1.0469174964447978, 0.0, 0.0
10.254166666666666, 1.046913544015855, 0.0, 0.0
10.270833333333334, 1.0469095455736004, 0.0, 0.0
10.2875, 1.046905501156096, 0.0, 0.0
10.304166666666667, 1.046901410250634, 0.0, 0.0
10.320833333333333, 1.0468972717705367, 0.0, 0.0
10.3375, 1.0468930852140685, 0.0, 0.0
10.354166666666666, 1.046888850465651, 0.0, 0.0
10.370833333333334, 1.046884567391447, 0.0, 0.0
10.3875, 1.0468802358933909, 0.0, 0.0
10.404166666666667, 1.0468758559123796, 0.0, 0.0
10.420833333333333, 1.04687142741806, 0.0, 0.0
10.4375, 1.0468669503472738, 0.0, 0.0
10.454166666666667, 1.0468624246263663, 0.0, 0.0
10.470833333333333, 1.0468578501842514, 0.0, 0.0
10.4875, 1.0468532269474462, 0.0, 0.0
10.504166666666666, 1.0468485548400177, 0.0, 0.0
10.520833333333334, 1.046843833793813, 0.0, 0.0
10.5375, 1.0468390637357883, 0.0, 0.0
10.554166666666667, 1.0468342445929752, 0.0, 0.0
10.570833333333333, 1.0468293762899847, 0.0, 0.0
10.5875, 1.0468060516182536, 0.0, 0.0
10.604166666666666, 1.0468011841931837, 0.0, 0.0
10.620833333333334, 1.0467961330848354, 0.0, 0.0
10.6375, 1.0467910304429027, 0.0, 0.0
10.654166666666667, 1.0467858777884032, 0.0, 0.0
10.670833333333333, 1.0467806751517736, 0.0, 0.0
10.6875, 1.046775422506092, 0.0, 0.0
10.704166666666667, 1.0467701204539972, 0.0, 0.0
10.720833333333333, 1.0467415477405668, 0.0, 0.0
10.7375, 1.046736317896757, 0.0, 0.0
10.754166666666666, 1.046730828701486, 0.0, 0.0
10.770833333333334, 1.0467252937117515, 0.0, 0.0
10.7875, 1.046719716479673, 0.0, 0.0
10.804166666666667, 1.0467140977243852, 0.0, 0.0
10.820833333333333, 1.046716704477255, 0.0, 0.0
10.8375, 1.0467111114204497, 0.0, 0.0
10.854166666666666, 1.0467053831521909, 0.0, 0.0
10.870833333333334, 1.0466996141659612, 0.0, 0.0
10.8875, 1.0466938057491995, 0.0, 0.0
10.904166666666667, 1.04668795792287, 0.0, 0.0
10.920833333333333, 1.0466820708002205, 0.0, 0.0
10.9375, 1.0466761444310069, 0.0, 0.0
10.954166666666667, 1.0466701803229002, 0.0, 0.0
10.970833333333333, 1.0466641821614937, 0.0, 0.0
10.9875, 1.046658151603645, 0.0, 0.0
11.004166666666666, 1.046652091491589, 0.0, 0.0
11.020833333333334, 1.0466414871557923, 0.0, 0.0
11.0375, 1.0466296186251212, 0.0, 0.0
11.054166666666667, 1.0466236037152374, 0.0, 0.0
11.070833333333333, 1.046617481739237, 0.0, 0.0
11.0875, 1.0466113453912225, 0.0, 0.0
11.104166666666666, 1.0466051961867298, 0.0, 0.0
11.120833333333334, 1.0465990343082836, 0.0, 0.0
11.1375, 1.0465928598057401, 0.0, 0.0
11.154166666666667, 1.0465956582428075, 0.0, 0.0
11.170833333333333, 1.046589581977221, 0.0, 0.0
11.1875, 1.0465833814118888, 0.0, 0.0
11.204166666666667, 1.0465771670991737, 0.0, 0.0
11.220833333333333, 1.0465709423568514, 0.0, 0.0
11.2375, 1.0465647079440183, 0.0, 0.0
11.254166666666666, 1.0465584650995399, 0.0, 0.0
11.270833333333334, 1.0465271167042605, 0.0, 0.0
11.2875, 1.0465210624178842, 0.0, 0.0
11.304166666666667, 1.0465147541815327, 0.0, 0.0
11.320833333333333, 1.046508440948987, 0.0, 0.0
11.3375, 1.0465021264352437, 0.0, 0.0
11.354166666666666, 1.0464958107407187, 0.0, 0.0
11.370833333333334, 1.046489493959681, 0.0, 0.0
11.3875, 1.0464831761215405, 0.0, 0.0
11.404166666666667, 1.0464768572029943, 0.0, 0.0
11.420833333333333, 1.0464705371359924, 0.0, 0.0
11.4375, 1.0464642158907032, 0.0, 0.0
11.454166666666667, 1.046457893455966, 0.0, 0.0
11.470833333333333, 1.0464515698208856, 0.0, 0.0
11.4875, 1.046445244971988, 0.0, 0.0
11.504166666666666, 1.046438918898353, 0.0, 0.0
11.520833333333334, 1.0464325915632295, 0.0, 0.0
11.5375, 1.0464262629553835, 0.0, 0.0
11.554166666666667, 1.0464199330587711, 0.0, 0.0
11.570833333333333, 1.046413601857285, 0.0, 0.0
11.5875, 1.0464072693425808, 0.0, 0.0
11.604166666666666, 1.0464009355064234, 0.0, 0.0
11.620833333333334, 1.0463946003431692, 0.0, 0.0
11.6375, 1.046366669079607, 0.0, 0.0
11.654166666666667, 1.0463604751719842, 0.0, 0.0
11.670833333333333, 1.0463540941192968, 0.0, 0.0
11.6875, 1.0463477090543798, 0.0, 0.0
11.704166666666667, 1.046350077108776, 0.0, 0.0
11.720833333333333, 1.0463381121738986, 0.0, 0.0
11.7375, 1.046304864588726, 0.0, 0.0
11.754166666666666, 1.0462987177356486, 0.0, 0.0
11.770833333333334, 1.0462922893300322, 0.0, 0.0
11.7875, 1.0462858563328563, 0.0, 0.0
11.804166666666667, 1.0462794224669787, 0.0, 0.0
11.820833333333333, 1.0462729878784192, 0.0, 0.0
11.8375, 1.0462665526054196, 0.0, 0.0
11.854166666666666, 1.0462696061739352, 0.0, 0.0
11.870833333333334, 1.046263315115437, 0.0, 0.0
11.8875, 1.0462568904174843, 0.0, 0.0
11.904166666666667, 1.0462504627094746, 0.0, 0.0
11.920833333333333, 1.0462440342775912, 0.0, 0.0
11.9375, 1.0462376051700715, 0.0, 0.0
11.954166666666667, 1.0462311754940266, 0.0, 0.0
11.970833333333333, 1.0462247455084352, 0.0, 0.0
11.9875, 1.0462183153286668, 0.0, 0.0
12.004166666666666, 1.0462118851537319, 0.0, 0.0
12.020833333333334, 1.0462054554521296, 0.0, 0.0
12.0375, 1.0460501759506748, 0.0, 29.39074560000049
12.054166666666667, 1.0460175126757978, 0.0, 34.56
12.070833333333333, 1.0460110758357262, 0.0, 34.56
12.0875, 1.0460046489472405, 0.0, 34.56
12.104166666666666, 1.045998223318089, 0.0, 34.56
12.120833333333334, 1.0459917988744516, 0.0, 34.56
12.1375, 1.0459853756224524, 0.0, 34.56
12.154166666666667, 1.0459789535635498, 0.0, 34.56
12.170833333333333, 1.0459725326887068, 0.0, 34.56
12.1875, 1.0459661130043367, 0.0, 34.56
12.204166666666667, 1.0459310113226277, 0.0, 34.56
12.220833333333333, 1.0459248532239565, 0.0, 34.56
12.2375, 1.045918387067405, 0.0, 34.56
12.254166666666666, 1.0459077349390478, 0.0, 34.56
12.270833333333334, 1.0459014491628582, 0.0, 34.56
12.2875, 1.0458949942183353, 0.0, 34.56
12.304166666666667, 1.0458885371289681, 0.0, 34.56
12.320833333333333, 1.0458820818151462, 0.0, 34.56
12.3375, 1.0458756284059763, 0.0, 34.56
12.354166666666666, 1.0458691769104946, 0.0, 34.56
12.370833333333334, 1.045857149551142, 0.0, 34.56
12.3875, 1.045850835466789, 0.0, 34.56
12.404166666666667, 1.0458443982493653, 0.0, 34.56
12.420833333333333, 1.0458379605185726, 0.0, 34.56
12.4375, 1.04583152464966, 0.0, 34.56
12.454166666666667, 1.0458250906898539, 0.0, 34.56
12.470833333333333, 1.0458186586125755, 0.0, 34.56
12.4875, 1.0458122284132714, 0.0, 34.56
12.504166666666666, 1.0458058000694985, 0.0, 34.56
12.520833333333334, 1.045799373550691, 0.0, 34.56
12.5375, 1.045866564570636, 20.0, 0.11569268130437155
12.554166666666667, 1.0458699880065765, 20.0, 0.0
12.570833333333333, 1.045873744810922, 20.0, 0.0
12.5875, 1.0458674977121016, 20.0, 0.0
12.604166666666666, 1.0458611014723291, 20.0, 0.0
12.620833333333334, 1.0458299323798084, 20.0, 0.0
12.6375, 1.045823719985072, 20.0, 0.0
12.654166666666667, 1.0457867526439564, 20.0, 0.0
12.670833333333333, 1.0457806073642877, 20.0, 0.0
12.6875, 1.045774124109077, 20.0, 0.0
12.704166666666667, 1.0457676372811957, 20.0, 0.0
12.720833333333333, 1.0457611519028935, 20.0, 0.0
12.7375, 1.0457546679629532, 20.0, 0.0
12.754166666666666, 1.0457481853174768, 20.0, 0.0
12.770833333333334, 1.0457417036121546, 20.0, 0.0
12.7875, 1.0457352226865748, 20.0, 0.0
12.804166666666667, 1.045728742444493, 20.0, 0.0
12.820833333333333, 1.0457222626934326, 20.0, 0.0
12.8375, 1.0457157833419566, 20.0, 0.0
12.854166666666666, 1.0457093043794903, 20.0, 0.0
12.870833333333334, 1.045702825815356, 20.0, 0.0
12.8875, 1.045696347635542, 20.0, 0.0
12.904166666666667, 1.0456898698361476, 20.0, 0.0
12.920833333333333, 1.0456833923924005, 20.0, 0.0
12.9375, 1.0456769152975818, 20.0, 0.0
12.954166666666667, 1.045670438376897, 20.0, 0.0
12.970833333333333, 1.0456639612315834, 20.0, 0.0
12.9875, 1.0456535834359582, 20.0, 0.0
13.004166666666666, 1.045641808744248, 20.0, 0.0
13.020833333333334, 1.0456354851658751, 20.0, 0.0
13.0375, 1.0455809885432272, 0.0, 29.39074560000049
13.054166666666667, 1.045548301371886, 0.0, 34.56
13.070833333333333, 1.0455097903318415, 0.0, 34.56
13.0875, 1.045503635214508, 0.0, 34.56
13.104166666666666, 1.0454971091413723, 0.0, 34.56
13.120833333333334, 1.04549057434928, 0.0, 34.56
13.1375, 1.045484036875041, 0.0, 34.56
13.154166666666667, 1.045477496814747, 0.0, 34.56
13.170833333333333, 1.045470954172817, 0.0, 34.56
13.1875, 1.0454644089360967, 0.0, 34.56
13.204166666666667, 1.0454578610277336, 0.0, 34.56
13.220833333333333, 1.045451310269361, 0.0, 34.56
13.2375, 1.0454447565704537, 0.0, 34.56
13.254166666666666, 1.045438199794726, 0.0, 34.56
13.270833333333334, 1.045431639622985, 0.0, 34.56
13.2875, 1.0454250759146848, 0.0, 34.56
13.304166666666667, 1.0454289462649007, 0.0, 34.56
13.320833333333333, 1.0454225661234935, 0.0, 34.56
13.3375, 1.0454160051335826, 0.0, 34.56
13.354166666666666, 1.045409436342933, 0.0, 34.56
13.370833333333334, 1.0454028635437704, 0.0, 34.56
13.3875, 1.045396286809339, 0.0, 34.56
13.404166666666667, 1.0453897061391624, 0.0, 34.56
13.420833333333333, 1.0453831215336058, 0.0, 34.56
13.4375, 1.0453765329825178, 0.0, 34.56
13.454166666666667, 1.0453699404939445, 0.0, 34.56
13.470833333333333, 1.0453633440684, 0.0, 34.56
13.4875, 1.045329103724532, 0.0, 34.56
13.504166666666666, 1.0452888712696058, 0.0, 34.56
13.520833333333334, 1.0452825777424346, 0.0, 34.56
13.5375, 1.0453495443052778, 20.0, 0.11569268130437155
13.554166666666667, 1.045343451844639, 20.0, 0.0
13.570833333333333, 1.0453367345040603, 20.0, 0.0
13.5875, 1.0453300125935705, 20.0, 0.0
13.604166666666666, 1.0453232867531357, 20.0, 0.0
13.620833333333334, 1.045316556951477, 20.0, 0.0
13.6375, 1.0453098231615314, 20.0, 0.0
13.654166666666667, 1.045303085399085, 20.0, 0.0
13.670833333333333, 1.0452963437180867, 20.0, 0.0
13.6875, 1.0452895981413073, 20.0, 0.0
13.704166666666667, 1.0452776329310525, 20.0, 0.0
13.720833333333333, 1.045271056069342, 20.0, 0.0
13.7375, 1.0452643128170955, 20.0, 0.0
13.754166666666666, 1.0452674534463227, 20.0, 0.0
13.770833333333334, 1.045260907968518, 20.0, 0.0
13.7875, 1.0452541732662326, 20.0, 0.0
13.804166666666667, 1.0452474358794774, 20.0, 0.0
13.820833333333333, 1.0452407011493785, 20.0, 0.0
13.8375, 1.0452339696134207, 20.0, 0.0
13.854166666666666, 1.0452272413027124, 20.0, 0.0
13.870833333333334, 1.0452205162105126, 20.0, 0.0
13.8875, 1.0452137943345503, 20.0, 0.0
13.904166666666667, 1.0452070757256635, 20.0, 0.0
13.920833333333333, 1.0451649840421913, 20.0, 0.0
13.9375, 1.0451695515534456, 20.0, 0.0
13.954166666666667, 1.0451630082851944, 20.0, 0.0
13.970833333333333, 1.0451562682998727, 20.0, 0.0
13.9875, 1.0451495310639187, 20.0, 0.0
14.004166666666666, 1.0451428031350356, 20.0, 0.0
14.020833333333334, 1.0451360886104268, 20.0, 0.0
14.0375, 1.0451293892971163, 20.0, 0.0
14.054166666666667, 1.045223577140629, 0.0, 0.0
14.070833333333333, 1.0452169560085824, 0.0, 0.0
14.0875, 1.0452103119364946, 0.0, 0.0
14.104166666666666, 1.0452001246428717, 0.0, 0.0
14.120833333333334, 1.0451936964246553, 0.0, 0.0
14.1375, 1.0451871219622841, 0.0, 0.0
14.154166666666667, 1.045180563084321, 0.0, 0.0
14.170833333333333, 1.0451740239045684, 0.0, 0.0
14.1875, 1.0451675045650353, 0.0, 0.0
14.204166666666667, 1.0451610055083786, 0.0, 0.0
14.220833333333333, 1.0451545277624716, 0.0, 0.0
14.2375, 1.0451429683063282, 0.0, 0.0
14.254166666666666, 1.0451367170645778, 0.0, 0.0
14.270833333333334, 1.0451303187576848, 0.0, 0.0
14.2875, 1.0451239411079671, 0.0, 0.0
14.304166666666667, 1.045117589009526, 0.0, 0.0
14.320833333333333, 1.045111263586159, 0.0, 0.0
14.3375, 1.0451049653139821, 0.0, 0.0
14.354166666666666, 1.0450681862485878, 0.0, 0.0
14.370833333333334, 1.045062203765081, 0.0, 0.0
14.3875, 1.0450559541648377, 0.0, 0.0
14.404166666666667, 1.045049725425068, 0.0, 0.0
14.420833333333333, 1.045043524095963, 0.0, 0.0
14.4375, 1.0450373503506967, 0.0, 0.0
14.454166666666667, 1.045031204229675, 0.0, 0.0
14.470833333333333, 1.045025085759211, 0.0, 0.0
14.4875, 1.0450189949706445, 0.0, 0.0
14.504166666666666, 1.0450129318981431, 0.0, 0.0
14.520833333333334, 1.0450068965733221, 0.0, 0.0
14.5375, 1.045011199081073, 0.0, 0.0
14.554166666666667, 1.045005429420076, 0.0, 0.0
14.570833333333333, 1.0449994892354866, 0.0, 0.0
14.5875, 1.045004932089046, 0.0, 0.0
14.604166666666666, 1.0449992609911247, 0.0, 0.0
14.620833333333334, 1.0449934134426522, 0.0, 0.0
14.6375, 1.0449875884465298, 0.0, 0.0
14.654166666666667, 1.0449817912948687, 0.0, 0.0
14.670833333333333, 1.0449446737026664, 0.0, 0.0
14.6875, 1.0449391972155406, 0.0, 0.0
14.704166666666667, 1.044933453480604, 0.0, 0.0
14.720833333333333, 1.0449277277481843, 0.0, 0.0
14.7375, 1.0449220258382068, 0.0, 0.0
14.754166666666666, 1.0449163462445945, 0.0, 0.0
14.770833333333334, 1.0449106850623153, 0.0, 0.0
14.7875, 1.044905040535683, 0.0, 0.0
14.804166666666667, 1.0448994116533812, 0.0, 0.0
14.820833333333333, 1.0448937962100409, 0.0, 0.0
14.8375, 1.0448881932323903, 0.0, 0.0
14.854166666666666, 1.0448826026842195, 0.0, 0.0
14.870833333333334, 1.0448737116888283, 0.0, 0.0
14.8875, 1.0448633720434835, 0.0, 0.0
14.904166666666667, 1.0448580011168738, 0.0, 0.0
14.920833333333333, 1.044852476003322, 0.0, 0.0
14.9375, 1.0448469579748518, 0.0, 0.0
14.954166666666667, 1.0448414497032934, 0.0, 0.0
14.970833333333333, 1.0448359463872061, 0.0, 0.0
14.9875, 1.0448304457173843, 0.0, 0.0
15.004166666666666, 1.0448249438701054, 0.0, 0.0
15.020833333333334, 1.044819431965027, 0.0, 0.0
15.0375, 1.044813905997026, 0.0, 0.0
15.054166666666667, 1.044808363660702, 0.0, 0.0
15.070833333333333, 1.044802799983825, 0.0, 0.0
15.0875, 1.0447972127611478, 0.0, 0.0
15.104166666666666, 1.0447916017431982, 0.0, 0.0
15.120833333333334, 1.04478596666923, 0.0, 0.0
15.1375, 1.044780307405777, 0.0, 0.0
15.154166666666667, 1.044774623926167, 0.0, 0.0
15.170833333333333, 1.0447689162276874, 0.0, 0.0
15.1875, 1.0447631842631373, 0.0, 0.0
15.204166666666667, 1.0447574270767748, 0.0, 0.0
15.220833333333333, 1.0447516424140642, 0.0, 0.0
15.2375, 1.0447458292034273, 0.0, 0.0
15.254166666666666, 1.0447399857139095, 0.0, 0.0
15.270833333333334, 1.0447341079731944, 0.0, 0.0
15.2875, 1.0447281941630178, 0.0, 0.0
15.304166666666667, 1.0447222432389052, 0.0, 0.0
15.320833333333333, 1.0447162529672571, 0.0, 0.0
15.3375, 1.0447102223421174, 0.0, 0.0
15.354166666666666, 1.0447041512134658, 0.0, 0.0
15.370833333333334, 1.0446980394079743, 0.0, 0.0
15.3875, 1.0446918868287298, 0.0, 0.0
15.404166666666667, 1.044696398297177, 0.0, 0.0
15.420833333333333, 1.044702270868119, 0.0, 0.0
15.4375, 1.0446962556291248, 0.0, 0.0
15.454166666666667, 1.0446899630379245, 0.0, 0.0
15.470833333333333, 1.044678797203621, 0.0, 0.0
15.4875, 1.0446726264836381, 0.0, 0.0
15.504166666666666, 1.0446662166219494, 0.0, 0.0
15.520833333333334, 1.0446597596609803, 0.0, 0.0
15.5375, 1.044653261495086, 0.0, 0.0
15.554166666666667, 1.044646722261618, 0.0, 0.0
15.570833333333333, 1.0446401419163318, 0.0, 0.0
15.5875, 1.0446335203956927, 0.0, 0.0
15.604166666666666, 1.044626857627754, 0.0, 0.0
15.620833333333334, 1.0446201534877464, 0.0, 0.0
15.6375, 1.0446134078890468, 0.0, 0.0
15.654166666666667, 1.0446066208277403, 0.0, 0.0
15.670833333333333, 1.0445997923679855, 0.0, 0.0
15.6875, 1.0445929225336765, 0.0, 0.0
15.704166666666667, 1.0445860120713648, 0.0, 0.0
15.720833333333333, 1.044579062844126, 0.0, 0.0
15.7375, 1.0445720757050994, 0.0, 0.0
15.754166666666666, 1.044565052095531, 0.0, 0.0
15.770833333333334, 1.044557995415948, 0.0, 0.0
15.7875, 1.0445509071875636, 0.0, 0.0
15.804166666666667, 1.0445437882675765, 0.0, 0.0
15.820833333333333, 1.0445366405678618, 0.0, 0.0
15.8375, 1.0445294649129109, 0.0, 0.0
15.854166666666666, 1.0445222613114682, 0.0, 0.0
15.870833333333334, 1.0445150297055885, 0.0, 0.0
15.8875, 1.044507770051305, 0.0, 0.0
15.904166666666667, 1.0445004824075483, 0.0, 0.0
15.920833333333333, 1.0444931669384907, 0.0, 0.0
15.9375, 1.044485823769015, 0.0, 0.0
15.954166666666667, 1.0444784546914765, 0.0, 0.0
15.970833333333333, 1.0444710640435388, 0.0, 0.0
15.9875, 1.0444714354343447, 0.0, 0.0
16.004166666666666, 1.044464293650799, 0.0, 0.0
16.020833333333332, 1.0443149371859495, -1.3995826770696207, 29.39074560000049
16.0375, 1.044282456327126, -1.645741757552598, 34.56
16.054166666666667, 1.044275014140423, -1.645741757552598, 34.56
16.070833333333333, 1.0442675899468679, -1.645741757552598, 34.56
16.0875, 1.044260169538081, -1.645741757552598, 34.56
16.104166666666668, 1.0442527528233025, -1.645741757552598, 34.56
16.120833333333334, 1.0442453400183471, -1.645741757552598, 34.56
16.1375, 1.0442379312234131, -1.645741757552598, 34.56
16.154166666666665, 1.0442305264385294, -1.645741757552598, 34.56
16.170833333333334, 1.0442231256477643, -1.645741757552598, 34.56
16.1875, 1.044215728868692, -1.645741757552598, 34.56
16.204166666666666, 1.0442083369060724, -1.645741757552598, 34.56
16.220833333333335, 1.0442009516657074, -1.645741757552598, 34.56
16.2375, 1.044193574052852, -1.645741757552598, 34.56
16.254166666666666, 1.0441862055285045, -1.645741757552598, 34.56
16.270833333333332, 1.0441788494776914, -1.645741757552598, 34.56
16.2875, 1.0441715074337012, -1.645741757552598, 34.56
16.304166666666667, 1.0441641802807387, -1.645741757552598, 34.56
16.320833333333333, 1.0441568699071087, -1.645741757552598, 34.56
16.3375, 1.0441495771539648, -1.645741757552598, 34.56
16.354166666666668, 1.0441423021352418, -1.645741757552598, 34.56
16.370833333333334, 1.044135044977807, -1.645741757552598, 34.56
16.3875, 1.0441278057436223, -1.645741757552598, 34.56
16.404166666666665, 1.0441205844249564, -1.645741757552598, 34.56
16.420833333333334, 1.044113380972977, -1.645741757552598, 34.56
16.4375, 1.0441061953794535, -1.645741757552598, 34.56
16.454166666666666, 1.0440944989785514, -1.645741757552598, 34.56
16.470833333333335, 1.0440876174969538, -1.645741757552598, 34.56
16.4875, 1.0440805015655799, -1.645741757552598, 34.56
16.504166666666666, 1.0440733946372993, -1.645741757552598, 34.56
16.520833333333332, 1.044066305286572, -1.645741757552598, 34.56
16.5375, 1.0440592338476073, -1.645741757552598, 34.56
16.554166666666667, 1.0440521803448093, -1.645741757552598, 34.56
16.570833333333333, 1.0440451448036705, -1.645741757552598, 34.56
16.5875, 1.0440381272496333, -1.645741757552598, 34.56
16.604166666666668, 1.044031127653601, -1.645741757552598, 34.56
16.620833333333334, 1.0440367364881697, -1.645741757552598, 34.56
16.6375, 1.0440300985765196, -1.645741757552598, 34.56
16.654166666666665, 1.0440231735467984, -1.645741757552598, 34.56
16.670833333333334, 1.044016256159913, -1.645741757552598, 34.56
16.6875, 1.044009356596006, -1.645741757552598, 34.56
16.704166666666666, 1.0440024762686606, -1.645741757552598, 34.56
16.720833333333335, 1.04399561769961, -1.645741757552598, 34.56
16.7375, 1.0439887821008278, -1.645741757552598, 34.56
16.754166666666666, 1.0439819714353582, -1.645741757552598, 34.56
16.770833333333332, 1.0439751902248213, -1.645741757552598, 34.56
16.7875, 1.043968440560102, -1.645741757552598, 34.56
16.804166666666667, 1.0439617236498284, -1.645741757552598, 34.56
16.820833333333333, 1.0439550420831234, -1.645741757552598, 34.56
16.8375, 1.0439483970235048, -1.645741757552598, 34.56
16.854166666666668, 1.0439417885772033, -1.645741757552598, 34.56
16.870833333333334, 1.0439352167628941, -1.645741757552598, 34.56
16.8875, 1.043928681606895, -1.645741757552598, 34.56
16.904166666666665, 1.0439221832626648, -1.645741757552598, 34.56
16.920833333333334, 1.0439157220559203, -1.645741757552598, 34.56
16.9375, 1.043904929945012, -1.645741757552598, 34.56
16.954166666666666, 1.043898806107366, -1.645741757552598, 34.56
16.970833333333335, 1.0438924832498926, -1.645741757552598, 34.56
16.9875, 1.04388619941298, -1.645741757552598, 34.56
17.004166666666666, 1.0438799679397386, -1.645741757552598, 34.56
17.020833333333332, 1.0439572914053339, -0.822870878776299, 17.28
17.0375, 1.0439512480714213, -0.822870878776299, 17.28
17.054166666666667, 1.0439452194680463, -0.822870878776299, 17.28
17.070833333333333, 1.0439392659672424, -0.822870878776299, 17.28
17.0875, 1.0439333913466442, -0.822870878776299, 17.28
17.104166666666668, 1.0439275959728143, -0.822870878776299, 17.28
17.120833333333334, 1.0439218801926686, -0.822870878776299, 17.28
17.1375, 1.043916244198309, -0.822870878776299, 17.28
17.154166666666665, 1.0439106880635545, -0.822870878776299, 17.28
17.170833333333334, 1.0439052118225356, -0.822870878776299, 17.28
17.1875, 1.0438998155651118, -0.822870878776299, 17.28
17.204166666666666, 1.0438945004121785, -0.822870878776299, 17.28
17.220833333333335, 1.0438892689519796, -0.822870878776299, 17.28
17.2375, 1.0438841224433604, -0.822870878776299, 17.28
17.254166666666666, 1.043879062893474, -0.822870878776299, 17.28
17.270833333333332, 1.04387409483704, -0.822870878776299, 17.28
17.2875, 1.0438692203845714, -0.822870878776299, 17.28
17.304166666666667, 1.0438774723120814, -0.822870878776299, 17.28
17.320833333333333, 1.0438730660801403, -0.822870878776299, 17.28
17.3375, 1.0438684989213387, -0.822870878776299, 17.28
17.354166666666668, 1.0438640207442564, -0.822870878776299, 17.28
17.370833333333334, 1.0438596410393324, -0.822870878776299, 17.28
17.3875, 1.0438553602904774, -0.822870878776299, 17.28
17.404166666666665, 1.0438511785363733, -0.822870878776299, 17.28
17.420833333333334, 1.0438470957502575, -0.822870878776299, 17.28
17.4375, 1.0438431119471379, -0.822870878776299, 17.28
17.454166666666666, 1.0438392271772257, -0.822870878776299, 17.28
17.470833333333335, 1.0438354414691797, -0.822870878776299, 17.28
17.4875, 1.0438317548667393, -0.822870878776299, 17.28
17.504166666666666, 1.043828167401686, -0.822870878776299, 17.28
17.520833333333332, 1.0438246790646732, -0.822870878776299, 17.28
17.5375, 1.04382128988132, -0.822870878776299, 17.28
17.554166666666667, 1.0438138693424839, -0.822870878776299, 17.28
17.570833333333333, 1.043810842623681, -0.822870878776299, 17.28
17.5875, 1.0438077608179375, -0.822870878776299, 17.28
17.604166666666668, 1.0438047716450374, -0.822870878776299, 17.28
17.620833333333334, 1.0438018815408665, -0.822870878776299, 17.28
17.6375, 1.0437990908797832, -0.822870878776299, 17.28
17.654166666666665, 1.0437963996471993, -0.822870878776299, 17.28
17.670833333333334, 1.043793807722904, -0.822870878776299, 17.28
17.6875, 1.0437913150448341, -0.822870878776299, 17.28
17.704166666666666, 1.0437889204994053, -0.822870878776299, 17.28
17.720833333333335, 1.043786621363007, -0.822870878776299, 17.28
17.7375, 1.0437844163597982, -0.822870878776299, 17.28
17.754166666666666, 1.043782303376931, -0.822870878776299, 17.28
17.770833333333332, 1.043780277463324, -0.822870878776299, 17.28
17.7875, 1.043778336370806, -0.822870878776299, 17.28
17.804166666666667, 1.0437764788109842, -0.822870878776299, 17.28
17.820833333333333, 1.0437747020009656, -0.822870878776299, 17.28
17.8375, 1.0437730046939662, -0.822870878776299, 17.28
17.854166666666668, 1.0437713868396368, -0.822870878776299, 17.28
17.870833333333334, 1.0437698484803344, -0.822870878776299, 17.28
17.8875, 1.0437683896439547, -0.822870878776299, 17.28
17.904166666666665, 1.0437670102171355, -0.822870878776299, 17.28
17.920833333333334, 1.0437657099229578, -0.822870878776299, 17.28
17.9375, 1.043764488556019, -0.822870878776299, 17.28
17.954166666666666, 1.0437633435475622, -0.822870878776299, 17.28
17.970833333333335, 1.0437622687207502, -0.822870878776299, 17.28
17.9875, 1.043761261138239, -0.822870878776299, 17.28
18.004166666666666, 1.043760316002898, -0.822870878776299, 17.28
18.020833333333332, 1.0437594222151463, -0.822870878776299, 17.28
18.0375, 1.043841860441803, -0.019417279398466027, 0.057846340652185774
18.054166666666667, 1.0438413112888056, 0.0, 0.0
18.070833333333333, 1.0438405458089772, 0.0, 0.0
18.0875, 1.0438398132715365, 0.0, 0.0
18.104166666666668, 1.043839114788155, 0.0, 0.0
18.120833333333334, 1.043838450079551, 0.0, 0.0
18.1375, 1.0438378190090387, 0.0, 0.0
18.154166666666665, 1.0438372215839515, 0.0, 0.0
18.170833333333334, 1.0438366578371476, 0.0, 0.0
18.1875, 1.0438361277383355, 0.0, 0.0
18.204166666666666, 1.0438356301453398, 0.0, 0.0
18.220833333333335, 1.0438351622939672, 0.0, 0.0
18.2375, 1.043834722868781, 0.0, 0.0
18.254166666666666, 1.0438343097557354, 0.0, 0.0
18.270833333333332, 1.0438339180609513, 0.0, 0.0
18.2875, 1.0438335455425587, 0.0, 0.0
18.304166666666667, 1.0438331909235974, 0.0, 0.0
18.320833333333333, 1.0438328514919026, 0.0, 0.0
18.3375, 1.043832526021284, 0.0, 0.0
18.354166666666668, 1.043832214374485, 0.0, 0.0
18.370833333333334, 1.0438319163876653, 0.0, 0.0
18.3875, 1.043831631990973, 0.0, 0.0
18.404166666666665, 1.0438313612228696, 0.0, 0.0
18.420833333333334, 1.0438311041921806, 0.0, 0.0
18.4375, 1.043830860943527, 0.0, 0.0
18.454166666666666, 1.0438306314834558, 0.0, 0.0
18.470833333333335, 1.0438304158248997, 0.0, 0.0
18.4875, 1.0438302139835751, 0.0, 0.0
18.504166666666666, 1.043830025970177, 0.0, 0.0
18.520833333333332, 1.0438298518259874, 0.0, 0.0
18.5375, 1.0438296915728424, 0.0, 0.0
18.554166666666667, 1.043829545224231, 0.0, 0.0
18.570833333333333, 1.0438294128036119, 0.0, 0.0
18.5875, 1.0438292943271033, 0.0, 0.0
18.604166666666668, 1.0438291897644498, 0.0, 0.0
18.620833333333334, 1.0438290990504935, 0.0, 0.0
18.6375, 1.043829022147074, 0.0, 0.0
18.654166666666665, 1.0438289591066556, 0.0, 0.0
18.670833333333334, 1.0438289100309566, 0.0, 0.0
18.6875, 1.04382887500033, 0.0, 0.0
18.704166666666666, 1.0438288547760972, 0.0, 0.0
18.720833333333335, 1.0438288512141984, 0.0, 0.0
18.7375, 1.043828865195929, 0.0, 0.0
18.754166666666666, 1.0438288981611838, 0.0, 0.0
18.770833333333332, 1.04382895345006, 0.0, 0.0
18.7875, 1.043829032586906, 0.0, 0.0
18.804166666666667, 1.0438291364572316, 0.0, 0.0
18.820833333333333, 1.0438292669393843, 0.0, 0.0
18.8375, 1.0438294248925057, 0.0, 0.0
18.854166666666668, 1.0438296103540519, 0.0, 0.0
18.870833333333334, 1.0438298233101668, 0.0, 0.0
18.8875, 1.0438300637580213, 0.0, 0.0
18.904166666666665, 1.0438303317823197, 0.0, 0.0
18.920833333333334, 1.0438306275758755, 0.0, 0.0
18.9375, 1.0438309512788675, 0.0, 0.0
18.954166666666666, 1.0438313046186491, 0.0, 0.0
18.970833333333335, 1.0438316917118753, 0.0, 0.0
18.9875, 1.0438321145201017, 0.0, 0.0
19.004166666666666, 1.0438325762432754, 0.0, 0.0
19.020833333333332, 1.0438330842859767, 0.0, 0.0
19.0375, 1.0438336420199974, 0.0, 0.0
19.054166666666667, 1.0438342513899026, 0.0, 0.0
19.070833333333333, 1.0438349165234664, 0.0, 0.0
19.0875, 1.0438356392631132, 0.0, 0.0
19.104166666666668, 1.0438364198173538, 0.0, 0.0
19.120833333333334, 1.043837258377019, 0.0, 0.0
19.1375, 1.0438381550272742, 0.0, 0.0
19.154166666666665, 1.0438391097600654, 0.0, 0.0
19.170833333333334, 1.0438401225463059, 0.0, 0.0
19.1875, 1.0438411933998724, 0.0, 0.0
19.204166666666666, 1.04384232308211, 0.0, 0.0
19.220833333333335, 1.0438435134464856, 0.0, 0.0
19.2375, 1.043844765361534, 0.0, 0.0
19.254166666666666, 1.0438460802440643, 0.0, 0.0
19.270833333333332, 1.0438474613780278, 0.0, 0.0
19.2875, 1.043848910253492, 0.0, 0.0
19.304166666666667, 1.0438504277173821, 0.0, 0.0
19.320833333333333, 1.043852015584142, 0.0, 0.0
19.3375, 1.0438536746558256, 0.0, 0.0
19.354166666666668, 1.043855405012975, 0.0, 0.0
19.370833333333334, 1.0438572067473675, 0.0, 0.0
19.3875, 1.0438590798820975, 0.0, 0.0
19.404166666666665, 1.043861024373992, 0.0, 0.0
19.420833333333334, 1.0438630401265059, 0.0, 0.0
19.4375, 1.0438651270978352, 0.0, 0.0
19.454166666666666, 1.043867285253366, 0.0, 0.0
19.470833333333335, 1.043869514581992, 0.0, 0.0
19.4875, 1.043871815060784, 0.0, 0.0
19.504166666666666, 1.0438741866589005, 0.0, 0.0
19.520833333333332, 1.0438766293556707, 0.0, 0.0
19.5375, 1.0438791431181387, 0.0, 0.0
19.554166666666667, 1.0438817279208064, 0.0, 0.0
19.570833333333333, 1.0438843837257974, 0.0, 0.0
19.5875, 1.0438871105078205, 0.0, 0.0
19.604166666666668, 1.0438899082575923, 0.0, 0.0
19.620833333333334, 1.0438927770101727, 0.0, 0.0
19.6375, 1.0438957167613088, 0.0, 0.0
19.654166666666665, 1.043898727436345, 0.0, 0.0
19.670833333333334, 1.0439018089122183, 0.0, 0.0
19.6875, 1.0439049610874622, 0.0, 0.0
19.704166666666666, 1.043908183233077, 0.0, 0.0
19.720833333333335, 1.043911473662267, 0.0, 0.0
19.7375, 1.0439148315453501, 0.0, 0.0
19.754166666666666, 1.0439182555613353, 0.0, 0.0
19.770833333333332, 1.0439217426765297, 0.0, 0.0
19.7875, 1.0439252914887198, 0.0, 0.0
19.804166666666667, 1.0439289011724773, 0.0, 0.0
19.820833333333333, 1.0439325700011706, 0.0, 0.0
19.8375, 1.0439362971869837, 0.0, 0.0
19.854166666666668, 1.0439400826518002, 0.0, 0.0
19.870833333333334, 1.0439439263677635, 0.0, 0.0
19.8875, 1.0439478283115204, 0.0, 0.0
19.904166666666665, 1.043951788367725, 0.0, 0.0
19.920833333333334, 1.0439558063279037, 0.0, 0.0
19.9375, 1.0439598820165323, 0.0, 0.0
19.954166666666666, 1.043964013847587, 0.0, 0.0
19.970833333333335, 1.0439681980454818, 0.0, 0.0
19.9875, 1.0439724327942355, 0.0, 0.0
20.004166666666666, 1.043976715174293, 0.0, 0.0
20.020833333333332, 1.0439100536998958, -0.6997913385348103, 14.695372800000245
20.0375, 1.043901877279244, -0.822870878776299, 17.28
20.054166666666667, 1.0439062644566923, -0.822870878776299, 17.28
20.070833333333333, 1.0439106938343032, -0.822870878776299, 17.28
20.0875, 1.0439151539688998, -0.822870878776299, 17.28
20.104166666666668, 1.0439196444406003, -0.822870878776299, 17.28
20.120833333333334, 1.0439241650383786, -0.822870878776299, 17.28
20.1375, 1.043928715660349, -0.822870878776299, 17.28
20.154166666666665, 1.0439332962930687, -0.822870878776299, 17.28
20.170833333333334, 1.0439379069236234, -0.822870878776299, 17.28
20.1875, 1.0439425475109103, -0.822870878776299, 17.28
20.204166666666666, 1.0439472173269626, -0.822870878776299, 17.28
20.220833333333335, 1.043951914628306, -0.822870878776299, 17.28
20.2375, 1.043956638573852, -0.822870878776299, 17.28
20.254166666666666, 1.0439613878343825, -0.822870878776299, 17.28
20.270833333333332, 1.0439661593393892, -0.822870878776299, 17.28
20.2875, 1.0439709516819033, -0.822870878776299, 17.28
20.304166666666667, 1.0439757640464788, -0.822870878776299, 17.28
20.320833333333333, 1.0439805947281786, -0.822870878776299, 17.28
20.3375, 1.0439854429548618, -0.822870878776299, 17.28
20.354166666666668, 1.0439903086186801, -0.822870878776299, 17.28
20.370833333333334, 1.0439951916116146, -0.822870878776299, 17.28
20.3875, 1.0440000918745174, -0.822870878776299, 17.28
20.404166666666665, 1.044005009419349, -0.822870878776299, 17.28
20.420833333333334, 1.0440099442965471, -0.822870878776299, 17.28
20.4375, 1.0440148965244893, -0.822870878776299, 17.28
20.454166666666666, 1.0440198660767617, -0.822870878776299, 17.28
20.470833333333335, 1.0440248529022755, -0.822870878776299, 17.28
20.4875, 1.0440298569799533, -0.822870878776299, 17.28
20.504166666666666, 1.0440348782691968, -0.822870878776299, 17.28
20.520833333333332, 1.0440399167133119, -0.822870878776299, 17.28
20.5375, 1.0440449722730618, -0.822870878776299, 17.28
20.554166666666667, 1.044050044920111, -0.822870878776299, 17.28
20.570833333333333, 1.044055134631662, -0.822870878776299, 17.28
20.5875, 1.0440602413799778, -0.822870878776299, 17.28
20.604166666666668, 1.0440653651037213, -0.822870878776299, 17.28
20.620833333333334, 1.0440705056863637, -0.822870878776299, 17.28
20.6375, 1.0440756630609223, -0.822870878776299, 17.28
20.654166666666665, 1.0440808372830719, -0.822870878776299, 17.28
20.670833333333334, 1.0440860285079892, -0.822870878776299, 17.28
20.6875, 1.044091236840313, -0.822870878776299, 17.28
20.704166666666666, 1.0440964634794465, -0.822870878776299, 17.28
20.720833333333335, 1.0441017113232451, -0.822870878776299, 17.28
20.7375, 1.0441069817357913, -0.822870878776299, 17.28
20.754166666666666, 1.0441122769708167, -0.822870878776299, 17.28
20.770833333333332, 1.0441176022664205, -0.822870878776299, 17.28
20.7875, 1.0441229600097879, -0.822870878776299, 17.28
20.804166666666667, 1.044128351555635, -0.822870878776299, 17.28
20.820833333333333, 1.044133779855848, -0.822870878776299, 17.28
20.8375, 1.0441392462136612, -0.822870878776299, 17.28
20.854166666666668, 1.044144750675612, -0.822870878776299, 17.28
20.870833333333334, 1.0441502931777684, -0.822870878776299, 17.28
20.8875, 1.0441558736832817, -0.822870878776299, 17.28
20.904166666666665, 1.0441614922954077, -0.822870878776299, 17.28
20.920833333333334, 1.0441671493027083, -0.822870878776299, 17.28
20.9375, 1.0441728448998724, -0.822870878776299, 17.28
20.954166666666666, 1.0441785818344411, -0.822870878776299, 17.28
20.970833333333335, 1.0441843667234885, -0.822870878776299, 17.28
20.9875, 1.0441902026999321, -0.822870878776299, 17.28
21.004166666666666, 1.044196094877594, -0.822870878776299, 17.28
21.020833333333332, 1.0442020551623594, -0.822870878776299, 17.28
21.0375, 1.0442080889672731, -0.822870878776299, 17.28
21.054166666666667, 1.044214199342998, -0.822870878776299, 17.28
21.070833333333333, 1.0442203929019154, -0.822870878776299, 17.28
21.0875, 1.0442266725615716, -0.822870878776299, 17.28
21.104166666666668, 1.0442330385627847, -0.822870878776299, 17.28
21.120833333333334, 1.044239491149158, -0.822870878776299, 17.28
21.1375, 1.0442460303738923, -0.822870878776299, 17.28
21.154166666666665, 1.0442526561447143, -0.822870878776299, 17.28
21.170833333333334, 1.0442593683465957, -0.822870878776299, 17.28
21.1875, 1.0442661669156583, -0.822870878776299, 17.28
21.204166666666666, 1.0442730530181468, -0.822870878776299, 17.28
21.220833333333335, 1.0442800295925208, -0.822870878776299, 17.28
21.2375, 1.0442918126769913, -0.822870878776299, 17.28
21.254166666666666, 1.0442987332246423, -0.822870878776299, 17.28
21.270833333333332, 1.044305993949783, -0.822870878776299, 17.28
21.2875, 1.0443623391391326, -0.3399896371848383, 7.139663198788636
21.304166666666667, 1.044404264845457, -0.005715605518374366, 0.016813861864013346
21.320833333333333, 1.0444119229500894, 0.0, 0.0
21.3375, 1.044348642795796, -0.6997913385348103, 14.695372800000245
21.354166666666668, 1.04434390915187, -0.822870878776299, 17.28
21.370833333333334, 1.0443518019387306, -0.822870878776299, 17.28
21.3875, 1.0443598104053686, -0.822870878776299, 17.28
21.404166666666665, 1.0443566537834956, -0.822870878776299, 17.28
21.420833333333334, 1.0443645718965167, -0.822870878776299, 17.28
21.4375, 1.044372899784137, -0.822870878776299, 17.28
21.454166666666666, 1.0443813436117397, -0.822870878776299, 17.28
21.470833333333335, 1.0443898941476744, -0.822870878776299, 17.28
21.4875, 1.044386463424211, -0.822870878776299, 17.28
21.504166666666666, 1.0443949053088095, -0.822870878776299, 17.28
21.520833333333332, 1.0444037768736678, -0.822870878776299, 17.28
21.5375, 1.0444127646903072, -0.822870878776299, 17.28
21.554166666666667, 1.0444218588323837, -0.822870878776299, 17.28
21.570833333333333, 1.0444310588626553, -0.822870878776299, 17.28
21.5875, 1.0444403646327034, -0.822870878776299, 17.28
21.604166666666668, 1.0444530897015911, -0.822870878776299, 17.28
21.620833333333334, 1.0444671594886519, -0.822870878776299, 17.28
21.6375, 1.0444767607189898, -0.822870878776299, 17.28
21.654166666666665, 1.044486243503782, -0.822870878776299, 17.28
21.670833333333334, 1.0444960883489007, -0.822870878776299, 17.28
21.6875, 1.0445060455281605, -0.822870878776299, 17.28
21.704166666666666, 1.044516106054235, -0.822870878776299, 17.28
21.720833333333335, 1.0445262659644317, -0.822870878776299, 17.28
21.7375, 1.0445365233887227, -0.822870878776299, 17.28
21.754166666666666, 1.0445468753863647, -0.822870878776299, 17.28
21.770833333333332, 1.04455731532346, -0.822870878776299, 17.28
21.7875, 1.0445678401333272, -0.822870878776299, 17.28
21.804166666666667, 1.044578447966487, -0.822870878776299, 17.28
21.820833333333333, 1.04458913503131, -0.822870878776299, 17.28
21.8375, 1.0445998995631456, -0.822870878776299, 17.28
21.854166666666668, 1.0446107413424708, -0.822870878776299, 17.28
21.870833333333334, 1.044621660270112, -0.822870878776299, 17.28
21.8875, 1.0446326562245036, -0.822870878776299, 17.28
21.904166666666665, 1.0446375887789574, -0.822870878776299, 17.28
21.920833333333334, 1.044636857672741, -0.822870878776299, 17.28
21.9375, 1.044647749361764, -0.822870878776299, 17.28
21.954166666666666, 1.044659075034181, -0.822870878776299, 17.28
21.970833333333335, 1.0446704750381595, -0.822870878776299, 17.28
21.9875, 1.0446819353408339, -0.822870878776299, 17.28
22.004166666666666, 1.0446934491066469, -0.822870878776299, 17.28
22.020833333333332, 1.0447050013195514, -0.822870878776299, 17.28
22.0375, 1.0447165851930689, -0.822870878776299, 17.28
22.054166666666667, 1.044728188026414, -0.822870878776299, 17.28
22.070833333333333, 1.0447398085308979, -0.822870878776299, 17.28
22.0875, 1.044751444650654, -0.822870878776299, 17.28
22.104166666666668, 1.0447630960417997, -0.822870878776299, 17.28
22.120833333333334, 1.044774762252088, -0.822870878776299, 17.28
22.1375, 1.0447864430906073, -0.822870878776299, 17.28
22.154166666666665, 1.0447981385373086, -0.822870878776299, 17.28
22.170833333333334, 1.044813545191929, -0.822870878776299, 17.28
22.1875, 1.044830105060153, -0.822870878776299, 17.28
22.204166666666666, 1.0448415527741557, -0.822870878776299, 17.28
22.220833333333335, 1.044853324527816, -0.822870878776299, 17.28
22.2375, 1.044865112384517, -0.822870878776299, 17.28
22.254166666666666, 1.044876896914873, -0.822870878776299, 17.28
22.270833333333332, 1.0448886773398383, -0.822870878776299, 17.28
22.2875, 1.0449004527787775, -0.822870878776299, 17.28
22.304166666666667, 1.0449010741880285, -0.822870878776299, 17.28
22.320833333333333, 1.044912500081215, -0.822870878776299, 17.28
22.3375, 1.0449242548682478, -0.822870878776299, 17.28
22.354166666666668, 1.0449360064528586, -0.822870878776299, 17.28
22.370833333333334, 1.044947746085222, -0.822870878776299, 17.28
22.3875, 1.0449594734823415, -0.822870878776299, 17.28
22.404166666666665, 1.0449711887332171, -0.822870878776299, 17.28
22.420833333333334, 1.0449828845179812, -0.822870878776299, 17.28
22.4375, 1.0449944818136065, -0.822870878776299, 17.28
22.454166666666666, 1.0450058932999617, -0.822870878776299, 17.28
22.470833333333335, 1.0450232422265682, -0.822870878776299, 17.28
22.4875, 1.045034614571793, -0.822870878776299, 17.28
22.504166666666666, 1.0450462619986214, -0.822870878776299, 17.28
22.520833333333332, 1.045057901555064, -0.822870878776299, 17.28
22.5375, 1.0450695176397822, -0.822870878776299, 17.28
22.554166666666667, 1.0450809326892156, -0.822870878776299, 17.28
22.570833333333333, 1.0450820640375935, -0.822870878776299, 17.28
22.5875, 1.0450931312649387, -0.822870878776299, 17.28
22.604166666666668, 1.0451533407506455, -0.3399896371848383, 7.139663198788636
22.620833333333334, 1.0451990221266942, -0.005715605518374366, 0.016813861864013346
22.6375, 1.04521035150977, 0.0, 0.0
22.654166666666665, 1.0452108692801751, 0.0, 0.0
22.670833333333334, 1.0452219045386961, 0.0, 0.0
22.6875, 1.0452640051684545, 0.0, 0.0
22.704166666666666, 1.0452749084209803, 0.0, 0.0
22.720833333333335, 1.045286056117916, 0.0, 0.0
22.7375, 1.0453028221326308, 0.0, 0.0
22.754166666666666, 1.0453137950434452, 0.0, 0.0
22.770833333333332, 1.0453249206152286, 0.0, 0.0
22.7875, 1.0453425939079435, 0.0, 0.0
22.804166666666667, 1.0453537475272674, 0.0, 0.0
22.820833333333333, 1.0453939260843996, 0.0, 0.0
22.8375, 1.0454048685669786, 0.0, 0.0
22.854166666666668, 1.0454161617313953, 0.0, 0.0
22.870833333333334, 1.0454274486184258, 0.0, 0.0
22.8875, 1.045438721896312, 0.0, 0.0
22.904166666666665, 1.0454499755331499, 0.0, 0.0
22.920833333333334, 1.0454611439917845, 0.0, 0.0
22.9375, 1.0454721472242592, 0.0, 0.0
22.954166666666666, 1.0454830784532811, 0.0, 0.0
22.970833333333335, 1.0455228680076762, 0.0, 0.0
22.9875, 1.0455336433997693, 0.0, 0.0
23.004166666666666, 1.0455349075614242, 0.0, 0.0
23.020833333333332, 1.045535283954072, 0.0, 0.0
23.0375, 1.0455459003032828, 0.0, 0.0
23.054166666666667, 1.0455566859741043, 0.0, 0.0
23.070833333333333, 1.0455674559784691, 0.0, 0.0
23.0875, 1.0455782071541395, 0.0, 0.0
23.104166666666668, 1.045588939469728, 0.0, 0.0
23.120833333333334, 1.0455996529223026, 0.0, 0.0
23.1375, 1.0456103475408567, 0.0, 0.0
23.154166666666665, 1.0456595439334608, 0.0, 0.0
23.170833333333334, 1.0456701666286825, 0.0, 0.0
23.1875, 1.0456810155014007, 0.0, 0.0
23.204166666666666, 1.045723756891737, 0.0, 0.0
23.220833333333335, 1.045734044682332, 0.0, 0.0
23.2375, 1.04574474864788, 0.0, 0.0
23.254166666666666, 1.0457554347183349, 0.0, 0.0
23.270833333333332, 1.0457660960836541, 0.0, 0.0
23.2875, 1.0457767353701726, 0.0, 0.0
23.304166666666667, 1.0457873527385717, 0.0, 0.0
23.320833333333333, 1.04579794789437, 0.0, 0.0
23.3375, 1.0458085207327499, 0.0, 0.0
23.354166666666668, 1.0458190713007396, 0.0, 0.0
23.370833333333334, 1.0458295996403222, 0.0, 0.0
23.3875, 1.045840105803991, 0.0, 0.0
23.404166666666665, 1.0458505898603567, 0.0, 0.0
23.420833333333334, 1.0458610453255697, 0.0, 0.0
23.4375, 1.0458713844389804, 0.0, 0.0
23.454166666666666, 1.0458815892200932, 0.0, 0.0
23.470833333333335, 1.0459125820766413, 0.0, 0.0
23.4875, 1.045922456866888, 0.0, 0.0
23.504166666666666, 1.045932732508534, 0.0, 0.0
23.520833333333332, 1.0459429917362488, 0.0, 0.0
23.5375, 1.045953217884878, 0.0, 0.0
23.554166666666667, 1.0459691410932859, 0.0, 0.0
23.570833333333333, 1.0459791559895644, 0.0, 0.0
23.5875, 1.0459893389558488, 0.0, 0.0
23.604166666666668, 1.0459995047035242, 0.0, 0.0
23.620833333333334, 1.0460096498220095, 0.0, 0.0
23.6375, 1.0460197743217028, 0.0, 0.0
23.654166666666665, 1.046029875073618, 0.0, 0.0
23.670833333333334, 1.0460399198533106, 0.0, 0.0
23.6875, 1.0460741935981044, 0.0, 0.0
23.704166666666666, 1.0460839007968095, 0.0, 0.0
23.720833333333335, 1.0460938468782008, 0.0, 0.0
23.7375, 1.046132382294112, 0.0, 0.0
23.754166666666666, 1.0461327160601355, 0.0, 0.0
23.770833333333332, 1.0461423319031276, 0.0, 0.0
23.7875, 1.0461521118363448, 0.0, 0.0
23.804166666666667, 1.0461618692100454, 0.0, 0.0
23.820833333333333, 1.0461715997615928, 0.0, 0.0
23.8375, 1.046181303041786, 0.0, 0.0
23.854166666666668, 1.0461909791045765, 0.0, 0.0
23.870833333333334, 1.046191177757277, 0.0, 0.0
23.8875, 1.0462006221262252, 0.0, 0.0
23.904166666666665, 1.0462147477561992, 0.0, 0.0
23.920833333333334, 1.0462241325039272, 0.0, 0.0
23.9375, 1.0462336944062816, 0.0, 0.0
23.954166666666666, 1.0462490127051303, 0.0, 0.0
23.970833333333335, 1.0462583711073958, 0.0, 0.0
23.9875, 1.0462678548588165, 0.0, 0.0
24.004166666666666, 1.0462773058099208, 0.0, 0.0
24.020833333333332, 1.046286718714848, 0.0, 0.0
24.0375, 1.0462960917460051, 0.0, 0.0
24.054166666666667, 1.046332307156071, 0.0, 0.0
24.070833333333333, 1.046341201638233, 0.0, 0.0
24.0875, 1.0463503685435092, 0.0, 0.0
24.104166666666668, 1.0463594949861033, 0.0, 0.0
24.120833333333334, 1.0463685728538714, 0.0, 0.0
24.1375, 1.046377606243086, 0.0, 0.0
24.154166666666665, 1.046386595821889, 0.0, 0.0
24.170833333333334, 1.0463955417246271, 0.0, 0.0
24.1875, 1.0464044440565563, 0.0, 0.0
24.204166666666666, 1.0464133024618363, 0.0, 0.0
24.220833333333335, 1.0464221159306701, 0.0, 0.0
24.2375, 1.0464308840580423, 0.0, 0.0
24.254166666666666, 1.0464396061100911, 0.0, 0.0
24.270833333333332, 1.0464482802027688, 0.0, 0.0
24.2875, 1.0464569007703282, 0.0, 0.0
24.304166666666667, 1.0464654024283522, 0.0, 0.0
24.320833333333333, 1.04648631068531, 0.0, 0.0
24.3375, 1.046494509803874, 0.0, 0.0
24.354166666666668, 1.0465028827004736, 0.0, 0.0
24.370833333333334, 1.046527208780276, 0.0, 0.0
24.3875, 1.046535123899086, 0.0, 0.0
24.404166666666665, 1.0465432882154362, 0.0, 0.0
24.420833333333334, 1.0465514070654294, 0.0, 0.0
24.4375, 1.046559476824722, 0.0, 0.0
24.454166666666666, 1.0465674975637824, 0.0, 0.0
24.470833333333335, 1.0465801784042152, 0.0, 0.0
24.4875, 1.0465938137074138, 0.0, 0.0
24.504166666666666, 1.0466015887090236, 0.0, 0.0
24.520833333333332, 1.0466094332010674, 0.0, 0.0
24.5375, 1.0466172308869026, 0.0, 0.0
24.554166666666667, 1.0466249801134324, 0.0, 0.0
24.570833333333333, 1.046632680964696, 0.0, 0.0
24.5875, 1.0466403335500418, 0.0, 0.0
24.604166666666668, 1.046647938002831, 0.0, 0.0
24.620833333333334, 1.0466554944543034, 0.0, 0.0
24.6375, 1.0466630030306132, 0.0, 0.0
24.654166666666665, 1.0466704638397502, 0.0, 0.0
24.670833333333334, 1.0466778769661402, 0.0, 0.0
24.6875, 1.0466852425044324, 0.0, 0.0
24.704166666666666, 1.046692560354056, 0.0, 0.0
24.720833333333335, 1.046699828073874, 0.0, 0.0
24.7375, 1.0467070455006946, 0.0, 0.0
24.754166666666666, 1.0467142142567951, 0.0, 0.0
24.770833333333332, 1.0467213336931265, 0.0, 0.0
24.7875, 1.0467516648418567, 0.0, 0.0
24.804166666666667, 1.0467583948049561, 0.0, 0.0
24.820833333333333, 1.04676530484241, 0.0, 0.0
24.8375, 1.0467721675280885, 0.0, 0.0
24.854166666666668, 1.0467789804411447, 0.0, 0.0
24.870833333333334, 1.0467857436670986, 0.0, 0.0
24.8875, 1.0467924570089842, 0.0, 0.0
24.904166666666665, 1.0467991176694387, 0.0, 0.0
24.920833333333334, 1.046805728582603, 0.0, 0.0
24.9375, 1.0468122901675885, 0.0, 0.0
24.954166666666666, 1.0468188020418734, 0.0, 0.0
24.970833333333335, 1.0468252631027242, 0.0, 0.0
24.9875, 1.0468316729164318, 0.0, 0.0
