simulation_time_hrs, feeder_kW, pev_kW, feeder_kVAR, pev_kVAR
6.004166666666666, 1337.3411992978115, 0, -42.54889428352331, 0
6.020833333333333, 1349.3767283300785, 0.0, -46.35744569743176, 0.0
6.0375, 1361.5127101684075, 0.0, -50.218491003142375, 0.0
6.054166666666666, 1373.793166366114, 0.0, -54.09943365051624, 0.0
6.070833333333334, 1382.525393044123, 0.0, -56.88129492698084, 0.0
6.0875, 1391.326738586266, 0.0, -59.65066075014927, 0.0
6.104166666666667, 1400.1844130608074, 0.0, -62.41681937180057, 0.0
6.120833333333334, 1409.0984851537498, 0.0, -65.1793660814207, 0.0
6.1375, 1418.0690173843848, 0.0, -67.93789784529314, 0.0
6.154166666666667, 1422.39267947863, 0.0, -68.70380557492386, 0.0
6.170833333333333, 1422.9086236602952, 0.0, -68.29138474551839, 0.0
6.1875, 1423.4504814078841, 0.0, -67.85888393433288, 0.0
6.204166666666667, 1424.0004257165808, 0.0, -67.41994035870302, 0.0
6.220833333333333, 1424.558348858997, 0.0, -66.9746367668541, 0.0
6.2375, 1425.1242596342624, 0.0, -66.52296647310868, 0.0
6.254166666666666, 1425.6981735839095, 0.0, -66.0649174424855, 0.0
6.270833333333333, 1429.7686636636183, 0.0, -66.86017730706362, 0.0
6.2875, 1430.3454307059876, 0.0, -66.39943838210961, 0.0
6.304166666666666, 1430.944545972228, 0.0, -65.9210229438431, 0.0
6.320833333333334, 1431.5518736711215, 0.0, -65.43606315217082, 0.0
6.3375, 1432.1673037245596, 0.0, -64.94464370538597, 0.0
6.354166666666667, 1432.7908396600565, 0.0, -64.44676213982314, 0.0
6.370833333333334, 1433.4224900658892, 0.0, -63.94241201878768, 0.0
6.3875, 1434.0622625641333, 0.0, -63.431587641369894, 0.0
6.404166666666667, 1434.7101628298017, 0.0, -62.91428492868263, 0.0
6.420833333333333, 1435.366199480865, 0.0, -62.390497421335155, 0.0
6.4375, 1436.03037906837, 0.0, -61.860220304826264, 0.0
6.454166666666667, 1436.7027092297772, 0.0, -61.32344790461055, 0.0
6.470833333333333, 1437.3831985721858, 0.0, -60.78017379930771, 0.0
6.4875, 1438.0718557239775, 0.0, -60.23039158424089, 0.0
6.504166666666666, 1438.7686892297502, 0.0, -59.67409485255684, 0.0
6.520833333333333, 1439.4737106810994, 0.0, -59.111274839000195, 0.0
6.5375, 1440.1869266355457, 0.0, -58.541926681523485, 0.0
6.554166666666666, 1440.9083476694595, 0.0, -57.96604252265996, 0.0
6.570833333333334, 1441.6379824317796, 0.0, -57.38361588157229, 0.0
6.5875, 1442.3758384527034, 0.0, -56.79464127373289, 0.0
6.604166666666667, 1443.121926236907, 0.0, -56.19911074125284, 0.0
6.620833333333334, 1443.876261336879, 0.0, -55.59701237695676, 0.0
6.6375, 1444.6388532886328, 0.0, -54.988339127704954, 0.0
6.654166666666667, 1445.409706712315, 0.0, -54.3730877287826, 0.0
6.670833333333333, 1446.1888222671976, 0.0, -53.75125819367777, 0.0
6.6875, 1446.976202497089, 0.0, -53.122849070641664, 0.0
6.704166666666667, 1447.7717978057008, 0.0, -52.4879003973332, 0.0
6.720833333333333, 1451.7038613364452, 0.0, -53.326963261162, 0.0
6.7375, 1452.4801719818493, 0.0, -52.70523372526489, 0.0
6.754166666666666, 1453.3007669908864, 0.0, -52.04985780723971, 0.0
6.770833333333333, 1454.1294922128861, 0.0, -51.38802882319723, 0.0
6.7875, 1454.9658017029017, 0.0, -50.72016196415368, 0.0
6.804166666666666, 1455.8096335799141, 0.0, -50.04630687801312, 0.0
6.820833333333334, 1456.6608487287433, 0.0, -49.366575182489896, 0.0
6.8375, 1457.5193943113607, 0.0, -48.6810095521549, 0.0
6.854166666666667, 1458.3852743867171, 0.0, -47.98960724097415, 0.0
6.870833333333334, 1459.2585004943162, 0.0, -47.29235954110841, 0.0
6.8875, 1460.1390811722692, 0.0, -46.58926012764886, 0.0
6.904166666666667, 1461.0270181445237, 0.0, -45.88030820012682, 0.0
6.920833333333333, 1461.922304036967, 0.0, -45.165510074942766, 0.0
6.9375, 1462.8249354862544, 0.0, -44.444869049522865, 0.0
6.954166666666667, 1463.7347818447206, 0.0, -43.71849000989798, 0.0
6.970833333333333, 1464.6515160207437, 0.0, -42.98663458144728, 0.0
6.9875, 1465.574995783661, 0.0, -42.24941679036845, 0.0
7.004166666666666, 1466.5049709139798, 0.0, -41.507036951311136, 0.0
7.020833333333333, 1467.4408520734978, 0.0, -40.759966034526805, 0.0
7.0375, 1468.3823822751665, 0.0, -40.00840955231256, 0.0
7.054166666666666, 1469.3294199415272, 0.0, -39.25248085127978, 0.0
7.070833333333334, 1470.281637018062, 0.0, -38.492442257736286, 0.0
7.0875, 1471.2388953922798, 0.0, -37.72840434814808, 0.0
7.104166666666667, 1472.2011914982809, 0.0, -36.96037032970066, 0.0
7.120833333333334, 1473.1685122743556, 0.0, -36.188351056770756, 0.0
7.1375, 1474.1408592978246, 0.0, -35.41234553300007, 0.0
7.154166666666667, 1475.1182372077205, 0.0, -34.63235056996635, 0.0
7.170833333333333, 1476.100654609866, 0.0, -33.848359668013046, 0.0
7.1875, 1477.0881172741856, 0.0, -33.06036856598836, 0.0
7.204166666666667, 1478.080570681055, 0.0, -32.26842121737235, 0.0
7.220833333333333, 1479.077878947443, 0.0, -31.472626426082883, 0.0
7.2375, 1480.0799844401042, 0.0, -30.67303063600321, 0.0
7.254166666666666, 1481.0867828932649, 0.0, -29.86971734069507, 0.0
7.270833333333333, 1482.0980304510547, 0.0, -29.062881545815543, 0.0
7.2875, 1483.113622264318, 0.0, -28.252607207595894, 0.0
7.304166666666666, 1484.133502007571, 0.0, -27.438939657511682, 0.0
7.320833333333334, 1485.1575338185737, 0.0, -26.621987629709693, 0.0
7.3375, 1486.185665019997, 0.0, -25.801793414676627, 0.0
7.354166666666667, 1487.2178958914767, 0.0, -24.978357136934058, 0.0
7.370833333333334, 1488.2542222793772, 0.0, -24.151682453696772, 0.0
7.3875, 1489.294646871658, 0.0, -23.321767566187905, 0.0
7.404166666666667, 1490.3391773475087, 0.0, -22.488606648693878, 0.0
7.420833333333333, 1491.3878253556686, 0.0, -21.652190770086403, 0.0
7.4375, 1492.4405976412293, 0.0, -20.81251492713834, 0.0
7.454166666666667, 1493.4975019145527, 0.0, -19.96957327639746, 0.0
7.470833333333333, 1494.5585459226504, 0.0, -19.123360011028453, 0.0
7.4875, 1495.6237382908052, 0.0, -18.273868574312097, 0.0
7.504166666666666, 1496.6930858207595, 0.0, -17.42109392746043, 0.0
7.520833333333333, 1497.7666040465635, 0.0, -16.56502395246536, 0.0
7.5375, 1498.844300712618, 0.0, -15.70565289953271, 0.0
7.554166666666666, 1499.9261826456636, 0.0, -14.84297573457338, 0.0
7.570833333333334, 1501.0122584467865, 0.0, -13.976985852965802, 0.0
7.5875, 1502.1025358292572, 0.0, -13.107677535440878, 0.0
7.604166666666667, 1503.1970245158614, 0.0, -12.23504336350675, 0.0
7.620833333333334, 1504.2957410071756, 0.0, -11.35907053197864, 0.0
7.6375, 1505.3986971494064, 0.0, -10.479750060097775, 0.0
7.654166666666667, 1506.5058906667978, 0.0, -9.597083993435907, 0.0
7.670833333333333, 1511.6596326612248, 0.0, -9.675456759689643, 0.0
7.6875, 1512.7510277298156, 0.0, -8.803912931034258, 0.0
7.704166666666667, 1513.8729279274423, 0.0, -7.9089319954398, 0.0
7.720833333333333, 1514.9988755376366, 0.0, -7.010763197392506, 0.0
7.7375, 1516.1285201593778, 0.0, -6.10967942845144, 0.0
7.754166666666666, 1517.2616362829233, 0.0, -5.205860781626085, 0.0
7.770833333333333, 1518.3976967040635, 0.0, -4.299728249081105, 0.0
7.7875, 1519.5364751750103, 0.0, -3.39146237265653, 0.0
7.804166666666666, 1520.6778373026464, 0.0, -2.481170570529175, 0.0
7.820833333333334, 1521.8214885649986, 0.0, -1.5690880574705444, 0.0
7.8375, 1522.967301779064, 0.0, -0.6553163394032963, 0.0
7.854166666666667, 1524.1152766002208, 0.0, 0.2601440880205046, 0.0
7.870833333333334, 1525.265418849877, 0.0, 1.1772977773473976, 0.0
7.8875, 1526.4177314071806, 0.0, 2.0961467202851565, 0.0
7.904166666666667, 1527.5722043711837, 0.0, 3.0166828772137926, 0.0
7.920833333333333, 1528.7288058340362, 0.0, 3.938880536161767, 0.0
7.9375, 1529.8875167372396, 0.0, 4.862724389167772, 0.0
7.954166666666667, 1531.0480526151161, 0.0, 5.787987377650036, 0.0
7.970833333333333, 1532.2097349198577, 0.0, 6.714128239275535, 0.0
7.9875, 1536.0631959844604, 0.0, 6.610940035582666, 0.0
8.004166666666666, 1537.1881561856192, 0.0, 7.510376037108258, 0.0
8.020833333333334, 1538.3510859533465, 0.0, 8.43838469871978, 0.0
8.0375, 1539.5131005052663, 0.0, 9.365602662281526, 0.0
8.054166666666667, 1540.6733731723405, 0.0, 10.291394211543077, 0.0
8.070833333333333, 1541.8312138611795, 0.0, 11.215209133736971, 0.0
8.0875, 1542.9863268045826, 0.0, 12.13681175073662, 0.0
8.104166666666666, 1544.1386836645115, 0.0, 13.056179917234921, 0.0
8.120833333333334, 1545.2882468798962, 0.0, 13.973283828137381, 0.0
8.1375, 1546.4350005241681, 0.0, 14.88811110062807, 0.0
8.154166666666667, 1547.5789386699996, 0.0, 15.800657217057873, 0.0
8.170833333333333, 1548.72006253223, 0.0, 16.710923456984354, 0.0
8.1875, 1549.8583654293636, 0.0, 17.618904726096556, 0.0
8.204166666666667, 1550.9937142083677, 0.0, 18.524495045334966, 0.0
8.220833333333333, 1552.1257988163718, 0.0, 19.42744735539616, 0.0
8.2375, 1553.2544764163927, 0.0, 20.327648077084596, 0.0
8.254166666666666, 1557.639265518987, 0.0, 20.506689031804804, 0.0
8.270833333333334, 1576.336859637307, 17.56666666666691, 21.45937159379657, 0.0
8.2875, 1579.8941118341963, 20.0, 22.363292301648936, 0.0
8.304166666666667, 1581.0079445612919, 20.0, 23.252227010204027, 0.0
8.320833333333333, 1585.9087917804893, 20.0, 23.116278723761322, 0.0
8.3375, 1586.9912108504009, 20.0, 23.980970370704387, 0.0
8.354166666666666, 1588.0917776473943, 20.0, 24.859749335324626, 0.0
8.370833333333334, 1592.557461050896, 20.0, 24.451673757442375, 0.0
8.3875, 1593.601749251422, 20.0, 25.288304747886507, 0.0
8.404166666666667, 1594.6884791116356, 20.0, 26.15664418686076, 0.0
8.420833333333333, 1595.770785354148, 20.0, 27.021385452464347, 0.0
8.4375, 1596.847998196113, 20.0, 27.88202553914577, 0.0
8.454166666666667, 1597.920101613065, 20.0, 28.738552642954158, 0.0
8.470833333333333, 1598.9870838586126, 20.0, 29.590957653270177, 0.0
8.4875, 1600.048939211988, 20.0, 30.439236637042814, 0.0
8.504166666666666, 1604.4108680395047, 20.0, 30.573298410678284, 0.0
8.520833333333334, 1585.4213877850134, 0.05453479467803909, 51.342238122825094, 20.0
8.5375, 1586.4150644439947, 0.0, 52.18014098109836, 20.0
8.554166666666667, 1587.4578803042727, 0.0, 53.01393172843646, 20.0
8.570833333333333, 1588.4955106978357, 0.0, 53.84354803529615, 20.0
8.5875, 1589.52795394035, 0.0, 54.668988358372694, 20.0
8.604166666666666, 1590.5551996278934, 0.0, 55.490244633087805, 20.0
8.620833333333334, 1591.5772280588044, 0.0, 56.307301683383685, 20.0
8.6375, 1592.5940255141986, 0.0, 57.12014889210374, 20.0
8.654166666666667, 1593.6055971952285, 0.0, 57.928790935066544, 20.0
8.670833333333333, 1594.611957321649, 0.0, 58.73323951033909, 20.0
8.6875, 1595.6131124015394, 0.0, 59.53350033420673, 20.0
8.704166666666667, 1596.609204727225, 0.0, 60.32968758436957, 20.0
8.720833333333333, 1597.6005776262398, 0.0, 61.122076160880795, 20.0
8.7375, 1598.5873877449878, 0.0, 61.91079152555584, 20.0
8.754166666666666, 1599.5699000564448, 0.0, 62.69604588705043, 20.0
8.770833333333334, 1618.1847006974197, 17.56666666666691, 43.52300443769051, 0.0
8.7875, 1625.8584091610173, 20.0, 43.51255574839893, 0.0
8.804166666666667, 1626.8033251168179, 20.0, 44.26926221995802, 0.0
8.820833333333333, 1627.7744067868343, 20.0, 45.04587452303631, 0.0
8.8375, 1628.7430193937644, 20.0, 45.82047832109967, 0.0
8.854166666666666, 1629.7088962073233, 20.0, 46.59286902586398, 0.0
8.870833333333334, 1630.6720268010308, 20.0, 47.36303869890136, 0.0
8.8875, 1631.6324083040713, 20.0, 48.1309852497329, 0.0
8.904166666666667, 1632.5900527266579, 20.0, 48.8967184519726, 0.0
8.920833333333333, 1633.5449981685788, 20.0, 49.660269042263565, 0.0
8.9375, 1634.4972681119875, 20.0, 50.42165592993299, 0.0
8.954166666666667, 1635.4472010049615, 20.0, 51.181150113615544, 0.0
8.970833333333333, 1636.3955979726834, 20.0, 51.93939237544983, 0.0
8.9875, 1637.3428293236955, 20.0, 52.69667873669733, 0.0
9.004166666666666, 1638.2895144531033, 20.0, 53.45350461750235, 0.0
9.020833333333334, 1619.2169596948881, 0.05453479467803909, 74.15520640063973, 20.0
9.0375, 1620.1120216014483, 0.0, 74.9140810421217, 20.0
9.054166666666667, 1621.0630532073662, 0.0, 75.67431898394314, 20.0
9.070833333333333, 1622.0167873981093, 0.0, 76.43669409946433, 20.0
9.0875, 1622.9735844471609, 0.0, 77.20149310962049, 20.0
9.104166666666666, 1623.9334788550373, 0.0, 77.96874328101694, 20.0
9.120833333333334, 1624.8965115972826, 0.0, 78.73847710300988, 20.0
9.1375, 1625.8627058470204, 0.0, 79.51071286854557, 20.0
9.154166666666667, 1626.8320626833024, 0.0, 80.28545121172732, 20.0
9.170833333333333, 1627.804582893804, 0.0, 81.06269245214607, 20.0
9.1875, 1628.7802742537842, 0.0, 81.8424426124111, 20.0
9.204166666666667, 1629.7592868483937, 0.0, 82.62482141204073, 20.0
9.220833333333333, 1630.7419818648175, 0.0, 83.41011727144213, 20.0
9.2375, 1631.7285209043018, 0.0, 84.1984590673953, 20.0
9.254166666666666, 1632.7191807448858, 0.0, 84.99006756450359, 20.0
9.270833333333334, 1651.3514801167753, 17.56666666666691, 65.83067795954796, 0.0
9.2875, 1654.7890346157337, 20.0, 66.64018276789587, 0.0
9.304166666666667, 1655.7948888326437, 20.0, 67.44383822501139, 0.0
9.320833333333333, 1656.8060696861637, 20.0, 68.25172607968875, 0.0
9.3375, 1657.8229504270903, 20.0, 69.06414026796875, 0.0
9.354166666666666, 1658.8455539281529, 20.0, 69.8810985471563, 0.0
9.370833333333334, 1659.8739039546108, 20.0, 70.70261950944956, 0.0
9.3875, 1660.9080163555407, 20.0, 71.52871528945582, 0.0
9.404166666666667, 1661.947891920799, 20.0, 72.35938608074459, 0.0
9.420833333333333, 1662.9935253966414, 20.0, 73.1946271832139, 0.0
9.4375, 1664.04491642436, 20.0, 74.03443785030194, 0.0
9.454166666666667, 1665.1020725234278, 20.0, 74.87882353564783, 0.0
9.470833333333333, 1666.1649994329046, 20.0, 75.72778843721689, 0.0
9.4875, 1667.2337038487099, 20.0, 76.58133736180751, 0.0
9.504166666666666, 1668.3081904982446, 20.0, 77.43947359794842, 0.0
9.520833333333334, 1649.3682729444274, 0.05453479467600326, 98.24664820939026, 20.0
9.5375, 1650.4002613742161, 0.0, 99.11411120755636, 20.0
9.554166666666667, 1651.4921304051504, 0.0, 99.98604533657881, 20.0
9.570833333333333, 1652.5897964079415, 0.0, 100.86257754584358, 20.0
9.5875, 1653.693273697314, 0.0, 101.74371779672366, 20.0
9.604166666666666, 1654.8025632257002, 0.0, 102.62946639572733, 20.0
9.620833333333334, 1655.9176587711695, 0.0, 103.51981780930251, 20.0
9.6375, 1657.0385598419477, 0.0, 104.41477114017724, 20.0
9.654166666666667, 1658.1652820503737, 0.0, 105.31433830607739, 20.0
9.670833333333333, 1659.297856945321, 0.0, 106.21854408458347, 20.0
9.6875, 1660.4363053745612, 0.0, 107.12740451911444, 20.0
9.704166666666667, 1661.5807970679257, 0.0, 108.04105461644843, 20.0
9.720833333333333, 1662.731727795435, 0.0, 108.9598098655385, 20.0
9.7375, 1663.8892840767044, 0.0, 109.88381846794371, 20.0
9.754166666666666, 1665.05377635639, 0.0, 110.81332764974819, 20.0
9.770833333333334, 1683.8627521422254, 17.56666666666691, 91.79380728488573, 0.0
9.7875, 1687.4800933412373, 20.0, 92.74588391819125, 0.0
9.804166666666667, 1688.6685648085322, 20.0, 93.69440628429015, 0.0
9.820833333333333, 1689.8653798413172, 20.0, 94.6495532031394, 0.0
9.8375, 1691.0709356260706, 20.0, 95.61163716258136, 0.0
9.854166666666666, 1692.2852492920892, 20.0, 96.58067110719232, 0.0
9.870833333333334, 1693.508329157523, 20.0, 97.55666071761749, 0.0
9.8875, 1697.6442036337494, 20.0, 97.72589014705815, 0.0
9.904166666666667, 1698.837139804958, 20.0, 98.68085539381663, 0.0
9.920833333333333, 1700.0874871923388, 20.0, 99.67953228723701, 0.0
9.9375, 1701.3475256435913, 20.0, 100.685871405326, 0.0
9.954166666666667, 1702.6168791867585, 20.0, 101.69960660837174, 0.0
9.970833333333333, 1703.8964462061488, 20.0, 102.72145510542646, 0.0
9.9875, 1709.6355344615552, 20.0, 103.13159142628054, 0.0
10.004166666666666, 1710.9025705721504, 20.0, 104.14537567017553, 0.0
10.020833333333334, 1692.1980205952746, 0.05453479467600326, 125.14178706543925, 20.0
10.0375, 1693.4749236983196, 0.0, 126.20546444173483, 20.0
10.054166666666667, 1694.8587816492116, 0.0, 107.24891534249852, 0.0
10.070833333333333, 1696.2160800942909, 0.0, 108.33353800793222, 0.0
10.0875, 1701.2161293110476, 0.0, 108.36402622061762, 0.0
10.104166666666666, 1702.5473892128025, 0.0, 109.43118060243897, 0.0
10.120833333333334, 1703.9553586362235, 0.0, 110.55693277526234, 0.0
10.1375, 1705.3799771268123, 0.0, 111.69589602476975, 0.0
10.154166666666667, 1706.8202788063613, 0.0, 112.84734170951363, 0.0
10.170833333333333, 1708.2762613771429, 0.0, 114.0112669997997, 0.0
10.1875, 1709.747955387326, 0.0, 115.18769448322811, 0.0
10.204166666666667, 1711.2355491996987, 0.0, 116.37677292562118, 0.0
10.220833333333333, 1716.8103403190669, 0.0, 116.81409031975147, 0.0
10.2375, 1718.3001448433745, 0.0, 118.00609739167382, 0.0
10.254166666666666, 1719.8399779014974, 0.0, 119.23745767247307, 0.0
10.270833333333334, 1721.3978715899505, 0.0, 120.48318264019068, 0.0
10.2875, 1722.973748300208, 0.0, 121.74322101806774, 0.0
10.304166666666667, 1724.567808980826, 0.0, 123.01773151736955, 0.0
10.320833333333333, 1726.180479679887, 0.0, 124.30705245592726, 0.0
10.3375, 1727.8119582585157, 0.0, 125.6113395695867, 0.0
10.354166666666666, 1729.4622923363768, 0.0, 126.93062840068406, 0.0
10.370833333333334, 1731.1315366855208, 0.0, 128.26496024549195, 0.0
10.3875, 1732.8197321074726, 0.0, 129.61436519006065, 0.0
10.404166666666667, 1734.5269042531932, 0.0, 130.97886124488483, 0.0
10.420833333333333, 1736.2530677110556, 0.0, 132.35845744047288, 0.0
10.4375, 1737.998249791385, 0.0, 133.75317295078432, 0.0
10.454166666666667, 1739.762481946147, 0.0, 135.16303035349966, 0.0
10.470833333333333, 1741.545794702016, 0.0, 136.58805135875642, 0.0
10.4875, 1743.3482194596438, 0.0, 138.02825825090954, 0.0
10.504166666666666, 1745.1697887097262, 0.0, 139.48367441040975, 0.0
10.520833333333334, 1747.010531933982, 0.0, 140.95432048913585, 0.0
10.5375, 1748.8704804430092, 0.0, 142.4402188124285, 0.0
10.554166666666667, 1750.7496657818258, 0.0, 143.9413915920456, 0.0
10.570833333333333, 1752.648120203597, 0.0, 145.4578618659493, 0.0
10.5875, 1758.2010186577158, 0.0, 146.5830577367598, 0.0
10.604166666666666, 1760.099990490521, 0.0, 148.10247989794016, 0.0
10.620833333333334, 1762.058786477035, 0.0, 149.66842132689368, 0.0
10.6375, 1764.0376032174988, 0.0, 151.25024439512083, 0.0
10.654166666666667, 1766.0359292157318, 0.0, 152.8475559659189, 0.0
10.670833333333333, 1768.0537560820453, 0.0, 154.4603465701747, 0.0
10.6875, 1770.091097582499, 0.0, 156.08862408693946, 0.0
10.704166666666667, 1772.1477233566247, 0.0, 157.7322010650796, 0.0
10.720833333333333, 1778.8979169800173, 0.0, 158.94526956224396, 0.0
10.7375, 1780.9438744369302, 0.0, 160.58302133131093, 0.0
10.754166666666666, 1783.0592101823497, 0.0, 162.27451510597228, 0.0
10.770833333333334, 1785.1920616399236, 0.0, 163.97987254877637, 0.0
10.7875, 1787.341324639371, 0.0, 165.69822860673023, 0.0
10.804166666666667, 1789.5067271995133, 0.0, 167.42936334447984, 0.0
10.820833333333333, 1795.3729479264941, 0.0, 168.82903144855393, 0.0
10.8375, 1797.5292975177993, 0.0, 170.5549488090364, 0.0
10.854166666666666, 1799.7435389033917, 0.0, 172.32614823271092, 0.0
10.870833333333334, 1801.9737308895876, 0.0, 174.1099537962403, 0.0
10.8875, 1804.2193128669514, 0.0, 175.90593392930558, 0.0
10.904166666666667, 1806.4802783633347, 0.0, 177.7140810782412, 0.0
10.920833333333333, 1808.7565865496845, 0.0, 179.53435975096033, 0.0
10.9375, 1811.048221156862, 0.0, 181.36675420092155, 0.0
10.954166666666667, 1813.3546020161266, 0.0, 183.21079762617353, 0.0
10.970833333333333, 1815.6743065056564, 0.0, 185.0653496056456, 0.0
10.9875, 1818.0066966451961, 0.0, 186.92989793405795, 0.0
11.004166666666666, 1820.3506754108323, 0.0, 188.8035633568958, 0.0
11.020833333333334, 1825.8379279063984, 0.0, 190.10076007788578, 0.0
11.0375, 1831.9641509565124, 0.0, 191.0499790621948, 0.0
11.054166666666667, 1834.2992059057829, 0.0, 192.92079620587126, 0.0
11.070833333333333, 1836.6794533874204, 0.0, 194.82627777110446, 0.0
11.0875, 1839.0655434091705, 0.0, 196.7362574842766, 0.0
11.104166666666666, 1841.4567959069448, 0.0, 198.65021570524448, 0.0
11.120833333333334, 1843.8531387117318, 0.0, 200.5680941863183, 0.0
11.1375, 1846.2545533733592, 0.0, 202.48987723547742, 0.0
11.154166666666667, 1853.029510031623, 0.0, 203.88427568135657, 0.0
11.170833333333333, 1855.3931847248073, 0.0, 205.77772549861777, 0.0
11.1875, 1857.813633555235, 0.0, 207.71540454606648, 0.0
11.204166666666667, 1860.239717362781, 0.0, 209.65741123127177, 0.0
11.220833333333333, 1862.6700381464905, 0.0, 211.6026505762051, 0.0
11.2375, 1865.1042982284907, 0.0, 213.55088430365134, 0.0
11.254166666666666, 1867.5420144942207, 0.0, 215.50172493123955, 0.0
11.270833333333334, 1874.84773071922, 0.0, 217.18856326806383, 0.0
11.2875, 1877.2309892494332, 0.0, 219.0990101698377, 0.0
11.304166666666667, 1879.6784054876669, 0.0, 221.05867746309087, 0.0
11.320833333333333, 1882.1276165754018, 0.0, 223.01959234311641, 0.0
11.3375, 1884.577492851264, 0.0, 224.9808786801317, 0.0
11.354166666666666, 1887.027997892038, 0.0, 226.94250785358747, 0.0
11.370833333333334, 1889.479095103827, 0.0, 228.90445049625433, 0.0
11.3875, 1891.930773199157, 0.0, 230.86669739892514, 0.0
11.404166666666667, 1894.3830412330153, 0.0, 232.82925593393017, 0.0
11.420833333333333, 1896.835925730177, 0.0, 234.79214708675448, 0.0
11.4375, 1899.2894382970276, 0.0, 236.75538015935658, 0.0
11.454166666666667, 1901.743583276862, 0.0, 238.71895852532018, 0.0
11.470833333333333, 1904.1983650808213, 0.0, 240.68288562448421, 0.0
11.4875, 1906.653788903384, 0.0, 242.6471655414369, 0.0
11.504166666666666, 1909.1098590873905, 0.0, 244.61180162793423, 0.0
11.520833333333334, 1911.5665899707512, 0.0, 246.57680536389265, 0.0
11.5375, 1914.023986042669, 0.0, 248.5421801170644, 0.0
11.554166666666667, 1916.482053523842, 0.0, 250.50793089363705, 0.0
11.570833333333333, 1918.9407987547722, 0.0, 252.47406262440495, 0.0
11.5875, 1921.4002250844637, 0.0, 254.44057790194586, 0.0
11.604166666666666, 1923.860335802881, 0.0, 256.4074792990108, 0.0
11.620833333333334, 1926.3211331088585, 0.0, 258.3747684030131, 0.0
11.6375, 1932.739932679712, 0.0, 260.2335690084916, 0.0
11.654166666666667, 1935.14687281052, 0.0, 262.16111599724417, 0.0
11.670833333333333, 1937.612267401153, 0.0, 264.13356916423703, 0.0
11.6875, 1940.0792898606276, 0.0, 266.10712857118904, 0.0
11.704166666666667, 1946.4957620448204, 0.0, 267.98113314167364, 0.0
11.720833333333333, 1952.9437966687797, 0.0, 269.2283466382536, 0.0
11.7375, 1960.4453202868697, 0.0, 271.072607092753, 0.0
11.754166666666666, 1962.8566872683762, 0.0, 273.0077373660716, 0.0
11.770833333333334, 1965.33835101541, 0.0, 274.99687018709204, 0.0
11.7875, 1967.821578941245, 0.0, 276.98705683206913, 0.0
11.804166666666667, 1970.3053185128742, 0.0, 278.9774874411974, 0.0
11.820833333333333, 1972.7895168044236, 0.0, 280.9681200431794, 0.0
11.8375, 1975.274159074106, 0.0, 282.9589429462844, 0.0
11.854166666666666, 1982.3976818083045, 0.0, 284.6273319568977, 0.0
11.870833333333334, 1984.8261794053037, 0.0, 286.575214073819, 0.0
11.8875, 1987.31569602645, 0.0, 288.57062507536085, 0.0
11.904166666666667, 1989.8066837021336, 0.0, 290.5670155917152, 0.0
11.920833333333333, 1992.2981322443009, 0.0, 292.56360857530075, 0.0
11.9375, 1994.7900201270636, 0.0, 294.56038753429357, 0.0
11.954166666666667, 1997.282305702496, 0.0, 296.55731896471946, 0.0
11.970833333333333, 1999.7748886442703, 0.0, 298.55432246501533, 0.0
11.9875, 2002.2677241645665, 0.0, 300.5513621570127, 0.0
12.004166666666666, 2004.7607351522083, 0.0, 302.54837625367855, 0.0
12.020833333333334, 2007.2537398556497, 0.0, 304.54521917935773, 0.0
12.0375, 2039.2019556969028, 29.39074560000049, 306.67989954372126, 0.0
12.054166666666667, 2046.8807829036377, 34.56, 308.7049348821305, 0.0
12.070833333333333, 2049.374245652618, 34.56, 310.70159579888127, 0.0
12.0875, 2051.8666453739847, 34.56, 312.69724986988325, 0.0
12.104166666666666, 2054.358765822775, 34.56, 314.6925141114505, 0.0
12.120833333333334, 2056.850603514343, 34.56, 316.68738629794234, 0.0
12.1375, 2059.3421555642053, 34.56, 318.68186428516077, 0.0
12.154166666666667, 2061.8334211763586, 34.56, 320.6759475154364, 0.0
12.170833333333333, 2064.3244037873314, 34.56, 322.6696388248201, 0.0
12.1875, 2066.815100832734, 34.56, 324.66293632215513, 0.0
12.204166666666667, 2074.543291159664, 34.56, 326.71712888135073, 0.0
12.220833333333333, 2076.9602537242426, 34.56, 328.655148727731, 0.0
12.2375, 2079.453499011982, 34.56, 330.6516139017824, 0.0
12.254166666666666, 2085.4251440588146, 34.56, 332.3979162034856, 0.0
12.270833333333334, 2087.8240562417427, 34.56, 334.3243135999328, 0.0
12.2875, 2090.3182004141636, 34.56, 336.3229921312693, 0.0
12.304166666666667, 2092.8139724005487, 34.56, 338.32271481333225, 0.0
12.320833333333333, 2095.30925157586, 34.56, 340.3218740780337, 0.0
12.3375, 2097.803974327748, 34.56, 342.3204210872684, 0.0
12.354166666666666, 2100.2981366080876, 34.56, 344.31835295221646, 0.0
12.370833333333334, 2107.047801599796, 34.56, 345.8149665899045, 0.0
12.3875, 2109.490113720904, 34.56, 347.77449887148543, 0.0
12.404166666666667, 2111.9854797673374, 34.56, 349.7745079319825, 0.0
12.420833333333333, 2114.4813911754954, 34.56, 351.7747428724809, 0.0
12.4375, 2116.9767627161013, 34.56, 353.7743780439196, 0.0
12.454166666666667, 2119.47157114811, 34.56, 355.7733958377755, 0.0
12.470833333333333, 2121.9658264134564, 34.56, 357.7718044894568, 0.0
12.4875, 2124.459530130641, 34.56, 359.76960542720855, 0.0
12.504166666666666, 2126.9526907720447, 34.56, 361.76680560330107, 0.0
12.520833333333334, 2129.445320039684, 34.56, 363.76341455185263, 0.0
12.5375, 2097.3769430350403, 0.11569268130437155, 385.63195874603997, 20.0
12.554166666666667, 2103.956464331364, 0.0, 387.7643468644573, 20.0
12.570833333333333, 2111.2957865022013, 0.0, 389.60704104098835, 20.0
12.5875, 2113.7233826681263, 0.0, 391.5549437800711, 20.0
12.604166666666666, 2116.2201384526875, 0.0, 393.55679964363475, 20.0
12.620833333333334, 2122.9971651432434, 0.0, 395.7475728602555, 20.0
12.6375, 2125.425912613919, 0.0, 397.69846167022774, 20.0
12.654166666666667, 2133.3686698877445, 0.0, 399.92541707874454, 20.0
12.670833333333333, 2135.787261087792, 0.0, 401.8698462105459, 20.0
12.6875, 2138.289445184842, 0.0, 403.87873953267973, 20.0
12.704166666666667, 2140.792634099789, 0.0, 405.88822506732896, 20.0
12.720833333333333, 2143.2954402011947, 0.0, 407.8972342998048, 20.0
12.7375, 2145.7978732938845, 0.0, 409.905776073657, 20.0
12.754166666666666, 2148.29998879468, 0.0, 411.91389510393617, 20.0
12.770833333333334, 2150.801923352493, 0.0, 413.9217011230428, 20.0
12.7875, 2153.3037387723543, 0.0, 415.92924381885456, 20.0
12.804166666666667, 2155.805472099769, 0.0, 417.9365529427553, 20.0
12.820833333333333, 2158.307197576873, 0.0, 419.94368818965404, 20.0
12.8375, 2160.808950375911, 0.0, 421.95067772049504, 20.0
12.854166666666666, 2163.310734556593, 0.0, 423.957524843528, 20.0
12.870833333333334, 2165.8125464448703, 0.0, 425.9642267597959, 20.0
12.8875, 2168.314391382576, 0.0, 427.9707876267057, 20.0
12.904166666666667, 2170.816270779199, 0.0, 429.97720872210317, 20.0
12.920833333333333, 2173.318194186538, 0.0, 431.9834977374485, 20.0
12.9375, 2175.82016409178, 0.0, 433.98965665019097, 20.0
12.954166666666667, 2178.3222479924857, 0.0, 435.99573969778737, 20.0
12.970833333333333, 2180.824599904902, 0.0, 438.00187042249377, 20.0
12.9875, 2186.952156892003, 0.0, 439.91947744626015, 20.0
13.004166666666666, 2193.8756912971116, 0.0, 441.5703733644496, 20.0
13.020833333333334, 2196.3244020772768, 0.0, 443.538541817121, 20.0
13.0375, 2228.3313064845784, 29.39074560000049, 425.6579223010822, 0.0
13.054166666666667, 2236.027523328247, 34.56, 427.70189192720557, 0.0
13.070833333333333, 2244.1360018688424, 34.56, 430.0893346800587, 0.0
13.0875, 2246.5625391647945, 34.56, 432.0414414302871, 0.0
13.104166666666666, 2249.0817179570086, 34.56, 434.06484905813875, 0.0
13.120833333333334, 2251.603811164834, 34.56, 436.09036889725667, 0.0
13.1375, 2254.1271174061158, 34.56, 438.11669110685204, 0.0
13.154166666666667, 2256.6516063656977, 34.56, 440.14379236412293, 0.0
13.170833333333333, 2259.177276624847, 34.56, 442.17167142745484, 0.0
13.1875, 2261.704133446323, 34.56, 444.20033222935797, 0.0
13.204166666666667, 2264.2322066833185, 34.56, 446.22979865991925, 0.0
13.220833333333333, 2266.761565371586, 34.56, 448.2601259568745, 0.0
13.2375, 2269.2922446919924, 34.56, 450.29134202866203, 0.0
13.254166666666666, 2271.824297505771, 34.56, 452.32348919179356, 0.0
13.270833333333334, 2274.3578473434986, 34.56, 454.3566662949804, 0.0
13.2875, 2276.8929487110945, 34.56, 456.390916908292, 0.0
13.304166666666667, 2284.5774256529157, 34.56, 458.54015172574015, 0.0
13.320833333333333, 2287.038211929424, 34.56, 460.5172427090758, 0.0
13.3375, 2289.5809529403873, 34.56, 462.55832217209536, 0.0
13.354166666666666, 2292.1271134941626, 34.56, 464.6019177142797, 0.0
13.370833333333334, 2294.675018552585, 34.56, 466.6467387275387, 0.0
13.3875, 2297.224633720412, 34.56, 468.6927588848103, 0.0
13.404166666666667, 2299.775959305868, 34.56, 470.73997810060365, 0.0
13.420833333333333, 2302.3289953598173, 34.56, 472.78839624362115, 0.0
13.4375, 2304.883746282098, 34.56, 474.8380164332307, 0.0
13.454166666666667, 2307.4402090923695, 34.56, 476.8888360166341, 0.0
13.470833333333333, 2309.998383993484, 34.56, 478.94085486514103, 0.0
13.4875, 2317.1279950668454, 34.56, 481.4553040222057, 0.0
13.504166666666666, 2325.3977107194646, 34.56, 483.9811141695761, 0.0
13.520833333333334, 2327.866926440646, 34.56, 485.9679612039811, 0.0
13.5375, 2295.8713419659775, 0.11569268130437155, 507.89897800257387, 20.0
13.554166666666667, 2298.3279110846147, 0.0, 509.96466738410953, 20.0
13.570833333333333, 2300.9043986055353, 0.0, 512.0340083652015, 20.0
13.5875, 2303.4825681723974, 0.0, 514.1045270936984, 20.0
13.604166666666666, 2306.0624397920315, 0.0, 516.176234870376, 20.0
13.620833333333334, 2308.6440307032635, 0.0, 518.2491449848135, 20.0
13.6375, 2311.227351654851, 0.0, 520.32326581197, 20.0
13.654166666666667, 2313.8123969730595, 0.0, 522.3985924478797, 20.0
13.670833333333333, 2316.3991462001973, 0.0, 524.4751081285355, 20.0
13.6875, 2318.9875909285724, 0.0, 526.5528058783638, 20.0
13.704166666666667, 2326.256496299456, 0.0, 528.524777269878, 20.0
13.720833333333333, 2328.779341475449, 0.0, 530.5534687894118, 20.0
13.7375, 2331.373662347849, 0.0, 532.6370187330418, 20.0
13.754166666666666, 2338.5677998025467, 0.0, 535.2057576458268, 20.0
13.770833333333334, 2341.084601420351, 0.0, 537.2298484056126, 20.0
13.7875, 2343.682874607446, 0.0, 539.3175560129317, 20.0
13.804166666666667, 2346.2825591070828, 0.0, 541.4061569755298, 20.0
13.820833333333333, 2348.8814212750494, 0.0, 543.4939144093562, 20.0
13.8375, 2351.4792470605644, 0.0, 545.5806584821981, 20.0
13.854166666666666, 2354.0760240176965, 0.0, 547.6663796406644, 20.0
13.870833333333334, 2356.6717544020225, 0.0, 549.7510799076206, 20.0
13.8875, 2359.266438709273, 0.0, 551.8347600894073, 20.0
13.904166666666667, 2361.8600570598423, 0.0, 553.91740434923, 20.0
13.920833333333333, 2370.3937713270784, 0.0, 556.681702765278, 20.0
13.9375, 2378.2844781644576, 0.0, 558.997661756651, 20.0
13.954166666666667, 2380.7905066924654, 0.0, 561.0139891696986, 20.0
13.970833333333333, 2383.384996651287, 0.0, 563.0995569687085, 20.0
13.9875, 2385.9788624087832, 0.0, 565.184377097195, 20.0
14.004166666666666, 2388.5693491851757, 0.0, 567.2662996160637, 20.0
14.020833333333334, 2391.154870391691, 0.0, 569.3440517606657, 20.0
14.0375, 2393.734728998701, 0.0, 571.4170750959795, 20.0
14.054166666666667, 2396.343870589869, 0.0, 553.4440551429933, 0.0
14.070833333333333, 2398.90530059462, 0.0, 555.5021212066827, 0.0
14.0875, 2401.4647169261807, 0.0, 557.5581930227371, 0.0
14.104166666666666, 2407.964191336321, 0.0, 559.8319232263656, 0.0
14.120833333333334, 2410.439870041347, 0.0, 561.8246456449882, 0.0
14.1375, 2412.978308861701, 0.0, 563.8653235894566, 0.0
14.154166666666667, 2415.5111916516385, 0.0, 565.9012899671998, 0.0
14.170833333333333, 2418.0366628823717, 0.0, 567.9311257714387, 0.0
14.1875, 2420.5546555363994, 0.0, 569.9547808295919, 0.0
14.204166666666667, 2423.0649964993027, 0.0, 571.9721174978077, 0.0
14.220833333333333, 2425.5672869480577, 0.0, 573.9828168002321, 0.0
14.2375, 2432.9363642052936, 0.0, 576.0432532133561, 0.0
14.254166666666666, 2435.3479523350034, 0.0, 577.9849211757535, 0.0
14.270833333333334, 2437.8258463761554, 0.0, 579.9771541438929, 0.0
14.2875, 2440.296282151764, 0.0, 581.9631444392421, 0.0
14.304166666666667, 2442.7570070880133, 0.0, 583.9411633766327, 0.0
14.320833333333333, 2445.2075702732823, 0.0, 585.9108529180743, 0.0
14.3375, 2447.647784615291, 0.0, 587.8720649941226, 0.0
14.354166666666666, 2454.938391193271, 0.0, 590.5587144043747, 0.0
14.370833333333334, 2457.265022157089, 0.0, 592.4328424161747, 0.0
14.3875, 2459.674648045243, 0.0, 594.370912624102, 0.0
14.404166666666667, 2462.0762018621763, 0.0, 596.3022531472631, 0.0
14.420833333333333, 2464.4673579141304, 0.0, 598.2250754682952, 0.0
14.4375, 2466.8480450100396, 0.0, 600.1393268230507, 0.0
14.454166666666667, 2469.218245016202, 0.0, 602.0449947791298, 0.0
14.470833333333333, 2471.5779455525894, 0.0, 603.9420714293383, 0.0
14.4875, 2473.927132283285, 0.0, 605.8305472544931, 0.0
14.504166666666666, 2476.265789848557, 0.0, 607.7104119213732, 0.0
14.520833333333334, 2478.5939036975196, 0.0, 609.5816557679307, 0.0
14.5375, 2485.739271587687, 0.0, 612.1450096503152, 0.0
14.554166666666667, 2487.961121323935, 0.0, 613.9336495942006, 0.0
14.570833333333333, 2490.2583781912053, 0.0, 615.7810804743995, 0.0
14.5875, 2498.193966759643, 0.0, 618.1329543990322, 0.0
14.604166666666666, 2500.3798445160883, 0.0, 619.8932610560875, 0.0
14.620833333333334, 2502.648815137664, 0.0, 621.7185904451956, 0.0
14.6375, 2504.909476193114, 0.0, 623.5370240302149, 0.0
14.654166666666667, 2507.1594851928617, 0.0, 625.3467507052125, 0.0
14.670833333333333, 2514.332933300171, 0.0, 627.9699518865147, 0.0
14.6875, 2516.4688263233893, 0.0, 629.6919714790961, 0.0
14.704166666666667, 2518.6874311482784, 0.0, 631.4777957054556, 0.0
14.720833333333333, 2520.899001754878, 0.0, 633.2577411844859, 0.0
14.7375, 2523.101514957251, 0.0, 635.0302635500922, 0.0
14.754166666666666, 2525.2955490910717, 0.0, 636.7958326945198, 0.0
14.770833333333334, 2527.4826112072974, 0.0, 638.5556633820636, 0.0
14.7875, 2529.6633778785695, 0.0, 640.3103006807394, 0.0
14.804166666666667, 2531.8382385079935, 0.0, 642.0600588045155, 0.0
14.820833333333333, 2534.0080442843278, 0.0, 643.8056238701971, 0.0
14.8375, 2536.1731701129966, 0.0, 645.5472980478011, 0.0
14.854166666666666, 2538.333628908154, 0.0, 647.2850922524004, 0.0
14.870833333333334, 2544.6243826324644, 0.0, 649.4348409606351, 0.0
14.8875, 2551.783773226538, 0.0, 651.3433705468029, 0.0
14.904166666666667, 2553.8581111162034, 0.0, 653.017091589394, 0.0
14.920833333333333, 2556.0034299780837, 0.0, 654.7452368897775, 0.0
14.9375, 2558.1465786387816, 0.0, 656.4714174574029, 0.0
14.954166666666667, 2560.2860861451563, 0.0, 658.1945390619277, 0.0
14.970833333333333, 2562.4237998194644, 0.0, 659.9160939472428, 0.0
14.9875, 2564.5606154534375, 0.0, 661.6368031767068, 0.0
15.004166666666666, 2566.698018509899, 0.0, 663.3578633293959, 0.0
15.020833333333334, 2568.8394594833712, 0.0, 665.0820541314486, 0.0
15.0375, 2570.9864948179147, 0.0, 666.8106264169592, 0.0
15.054166666666667, 2573.1400212016283, 0.0, 668.5443004887999, 0.0
15.070833333333333, 2575.3019721500846, 0.0, 670.284632659935, 0.0
15.0875, 2577.473205915551, 0.0, 672.0323112489627, 0.0
15.104166666666666, 2579.6538211363095, 0.0, 673.7874135622804, 0.0
15.120833333333334, 2581.8439207604138, 0.0, 675.5500207527976, 0.0
15.1375, 2584.043558475883, 0.0, 677.320174383238, 0.0
15.154166666666667, 2586.2527462981925, 0.0, 679.0978823677484, 0.0
15.170833333333333, 2588.47148709335, 0.0, 680.883145428944, 0.0
15.1875, 2590.6998009518957, 0.0, 682.6759779959128, 0.0
15.204166666666667, 2592.9380612818595, 0.0, 684.4766790030094, 0.0
15.220833333333333, 2595.187146424338, 0.0, 686.2859538540245, 0.0
15.2375, 2597.447475076273, 0.0, 688.1041368633353, 0.0
15.254166666666666, 2599.7197224706465, 0.0, 689.9317694051527, 0.0
15.270833333333334, 2602.0054356441797, 0.0, 691.7700942505822, 0.0
15.2875, 2604.3053242070923, 0.0, 693.6196788745499, 0.0
15.304166666666667, 2606.6197970770168, 0.0, 695.4808492488677, 0.0
15.320833333333333, 2608.9497258810943, 0.0, 697.3543039797198, 0.0
15.3375, 2611.2955048885606, 0.0, 699.2403566901863, 0.0
15.354166666666666, 2613.6571954672027, 0.0, 701.139053577204, 0.0
15.370833333333334, 2616.0348682982476, 0.0, 703.0504484482766, 0.0
15.3875, 2618.428564187469, 0.0, 704.9745710534439, 0.0
15.404166666666667, 2625.8954304442955, 0.0, 707.8314052651708, 0.0
15.420833333333333, 2634.1423517866297, 0.0, 710.4471770887538, 0.0
15.4375, 2636.4791531448095, 0.0, 712.3296450045003, 0.0
15.454166666666667, 2638.9410694597345, 0.0, 714.3106610541989, 0.0
15.470833333333333, 2646.659055250793, 0.0, 716.7013880407997, 0.0
15.4875, 2649.0666152102717, 0.0, 718.6429812828078, 0.0
15.504166666666666, 2651.580881610172, 0.0, 720.6672110137665, 0.0
15.520833333333334, 2654.1143739689323, 0.0, 722.7066300011517, 0.0
15.5375, 2656.664232527896, 0.0, 724.7590453258782, 0.0
15.554166666666667, 2659.230382976429, 0.0, 726.8243979523378, 0.0
15.570833333333333, 2661.812845034356, 0.0, 728.9027005886081, 0.0
15.5875, 2664.411646891987, 0.0, 730.993972614266, 0.0
15.604166666666666, 2667.0268201230488, 0.0, 733.0982360929593, 0.0
15.620833333333334, 2669.658417139802, 0.0, 735.2155298064949, 0.0
15.6375, 2672.3064752591886, 0.0, 737.34588032714, 0.0
15.654166666666667, 2674.970999463812, 0.0, 739.489288201159, 0.0
15.670833333333333, 2677.6519680482907, 0.0, 741.6457325253746, 0.0
15.6875, 2680.349375125197, 0.0, 743.8152049575775, 0.0
15.704166666666667, 2683.0629309878063, 0.0, 745.9974689569709, 0.0
15.720833333333333, 2685.7919073574617, 0.0, 748.1919349870517, 0.0
15.7375, 2688.5359726350976, 0.0, 750.3983334539046, 0.0
15.754166666666666, 2691.294563920818, 0.0, 752.6162084110969, 0.0
15.770833333333334, 2694.0663486403646, 0.0, 754.8444847754196, 0.0
15.7875, 2696.850732129536, 0.0, 757.0826822697111, 0.0
15.804166666666667, 2699.64738027446, 0.0, 759.3305299008681, 0.0
15.820833333333333, 2702.4555445964047, 0.0, 761.5874231285162, 0.0
15.8375, 2705.2749036813975, 0.0, 763.8531014974018, 0.0
15.854166666666666, 2708.105456437902, 0.0, 766.1275619733827, 0.0
15.870833333333334, 2710.9472280113414, 0.0, 768.4108223054535, 0.0
15.8875, 2713.800238218243, 0.0, 770.7028959797683, 0.0
15.904166666666667, 2716.6644663183674, 0.0, 773.0037637294822, 0.0
15.920833333333333, 2719.5398502341764, 0.0, 775.313373256786, 0.0
15.9375, 2722.4263434516315, 0.0, 777.6316845876279, 0.0
15.954166666666667, 2725.323243769599, 0.0, 779.9581309052708, 0.0
15.970833333333333, 2728.2288484483097, 0.0, 782.2913415876953, 0.0
15.9875, 2742.5327510784327, 0.0, 786.0328804989897, 0.0
16.004166666666666, 2745.3387846135397, 0.0, 788.2927647445943, 0.0
16.020833333333332, 2777.7448823455816, 29.39074560000049, 789.3969466676169, -1.3995826770696207
16.0375, 2785.873288278578, 34.56, 791.5433755400804, -1.645741757552598
16.054166666666667, 2788.811039502985, 34.56, 793.9044314339692, -1.645741757552598
16.070833333333333, 2791.7469270294646, 34.56, 796.2637711592826, -1.645741757552598
16.0875, 2794.681656047481, 34.56, 798.6219489425428, -1.645741757552598
16.104166666666668, 2797.615148838245, 34.56, 800.9789046764387, -1.645741757552598
16.120833333333334, 2800.5473166067645, 34.56, 803.3345675262175, -1.645741757552598
16.1375, 2803.4781193384047, 34.56, 805.6889057712914, -1.645741757552598
16.154166666666665, 2806.407556511824, 34.56, 808.0419193979329, -1.645741757552598
16.170833333333334, 2809.335634094284, 34.56, 810.3936136916161, -1.645741757552598
16.1875, 2812.2623447043566, 34.56, 812.7439830577883, -1.645741757552598
16.204166666666666, 2815.1873695155914, 34.56, 815.0927715544335, -1.645741757552598
16.220833333333335, 2818.1099539127595, 34.56, 817.4393734107641, -1.645741757552598
16.2375, 2821.0297389871625, 34.56, 819.7835015040547, -1.645741757552598
16.254166666666666, 2823.9461457171165, 34.56, 822.1246915694177, -1.645741757552598
16.270833333333332, 2826.8578335054312, 34.56, 824.4618676134863, -1.645741757552598
16.2875, 2829.764194206883, 34.56, 826.7945435073382, -1.645741757552598
16.304166666666667, 2832.6648763845683, 34.56, 829.1224387815188, -1.645741757552598
16.320833333333333, 2835.559131078668, 34.56, 831.4449533823964, -1.645741757552598
16.3375, 2838.4466237386105, 34.56, 833.7618208285626, -1.645741757552598
16.354166666666668, 2841.3273075017973, 34.56, 836.0730055084597, -1.645741757552598
16.370833333333334, 2844.2011305330534, 34.56, 838.3784673847065, -1.645741757552598
16.3875, 2847.068066631469, 34.56, 840.6781871370895, -1.645741757552598
16.404166666666665, 2849.9281173056706, 34.56, 842.9721676230558, -1.645741757552598
16.420833333333334, 2852.781300269398, 34.56, 845.2604247447961, -1.645741757552598
16.4375, 2855.627617179377, 34.56, 847.5429614134922, -1.645741757552598
16.454166666666666, 2864.015776320666, 34.56, 850.5492844122756, -1.645741757552598
16.470833333333335, 2866.73105314525, 34.56, 852.7321474316009, -1.645741757552598
16.4875, 2869.556248880514, 34.56, 854.9990704255481, -1.645741757552598
16.504166666666666, 2872.3789486625838, 34.56, 857.2636127602933, -1.645741757552598
16.520833333333332, 2875.194910406936, 34.56, 859.5225333357857, -1.645741757552598
16.5375, 2878.003958362246, 34.56, 861.7756993644289, -1.645741757552598
16.554166666666667, 2880.8060793683435, 34.56, 864.0231023184581, -1.645741757552598
16.570833333333333, 2883.6012616318035, 34.56, 866.2647343154513, -1.645741757552598
16.5875, 2886.3894935074495, 34.56, 868.500587572726, -1.645741757552598
16.604166666666668, 2889.1707850758526, 34.56, 870.7306718025394, -1.645741757552598
16.620833333333334, 2898.27354399821, 34.56, 874.0994291328135, -1.645741757552598
16.6375, 2900.8993233714714, 34.56, 876.2085394587231, -1.645741757552598
16.654166666666665, 2903.659260768519, 34.56, 878.4223595849825, -1.645741757552598
16.670833333333334, 2906.4169528860743, 34.56, 880.6340342032554, -1.645741757552598
16.6875, 2909.1677578440376, 34.56, 882.8399799728899, -1.645741757552598
16.704166666666666, 2911.911080928852, 34.56, 885.0397274169904, -1.645741757552598
16.720833333333335, 2914.645913635935, 34.56, 887.2324692595049, -1.645741757552598
16.7375, 2917.3717706788407, 34.56, 889.4178189698031, -1.645741757552598
16.754166666666666, 2920.0878674284527, 34.56, 891.5951491510735, -1.645741757552598
16.770833333333332, 2922.792398613115, 34.56, 893.7630140066913, -1.645741757552598
16.7875, 2925.484527821225, 34.56, 895.9207466433771, -1.645741757552598
16.804166666666667, 2928.1637702577245, 34.56, 898.0679615822626, -1.645741757552598
16.820833333333333, 2930.8290905756394, 34.56, 900.2038313238279, -1.645741757552598
16.8375, 2933.480021708413, 34.56, 902.3279852751054, -1.645741757552598
16.854166666666668, 2936.1165182318755, 34.56, 904.4403904079714, -1.645741757552598
16.870833333333334, 2938.738569721526, 34.56, 906.5410415610629, -1.645741757552598
16.8875, 2941.3461628786513, 34.56, 908.6299310930165, -1.645741757552598
16.904166666666665, 2943.9392336234646, 34.56, 910.7070105706011, -1.645741757552598
16.920833333333334, 2946.517649137384, 34.56, 912.772176608353, -1.645741757552598
16.9375, 2954.7688066976343, 34.56, 915.707427074793, -1.645741757552598
16.954166666666666, 2957.1988726019254, 34.56, 917.6590822098991, -1.645741757552598
16.970833333333335, 2959.7275055068117, 34.56, 919.6856482949757, -1.645741757552598
16.9875, 2962.2416986646645, 34.56, 921.7002977991751, -1.645741757552598
17.004166666666666, 2964.735144756001, 34.56, 923.6981495595753, -1.645741757552598
17.020833333333332, 2949.8669929458733, 17.28, 926.4081288467715, -0.822870878776299
17.0375, 2952.3028882035305, 17.28, 928.3596498525413, -0.822870878776299
17.054166666666667, 2954.7161434511286, 17.28, 930.2927928847552, -0.822870878776299
17.070833333333333, 2957.0990459273216, 17.28, 932.2014733690014, -0.822870878776299
17.0875, 2959.4504998288958, 17.28, 934.0848175092102, -0.822870878776299
17.104166666666668, 2961.7703646001155, 17.28, 935.9427191173668, -0.822870878776299
17.120833333333334, 2964.0584962592484, 17.28, 937.7750686727113, -0.822870878776299
17.1375, 2966.31481256798, 17.28, 939.5818060809812, -0.822870878776299
17.154166666666665, 2968.5392786928433, 17.28, 941.362909184889, -0.822870878776299
17.170833333333334, 2970.7318758010733, 17.28, 943.1183685031581, -0.822870878776299
17.1875, 2972.8925628254783, 17.28, 944.8481565975055, -0.822870878776299
17.204166666666666, 2975.0208859739696, 17.28, 946.5519152299349, -0.822870878776299
17.220833333333335, 2977.1158040916857, 17.28, 948.2288157801381, -0.822870878776299
17.2375, 2979.176807826641, 17.28, 949.8784565314558, -0.822870878776299
17.254166666666666, 2981.2030882723434, 17.28, 951.5001953320948, -0.822870878776299
17.270833333333332, 2983.192824570615, 17.28, 953.092579333468, -0.822870878776299
17.2875, 2985.1451658604255, 17.28, 954.654934426782, -0.822870878776299
17.304166666666667, 2993.5511692264768, 17.28, 957.502858238234, -0.822870878776299
17.320833333333333, 2995.2996717288934, 17.28, 958.9049243031873, -0.822870878776299
17.3375, 2997.1339900755816, 17.28, 960.3735643377153, -0.822870878776299
17.354166666666668, 2998.9332648749587, 17.28, 961.8139364488204, -0.822870878776299
17.370833333333334, 3000.6930814684406, 17.28, 963.2226326310059, -0.822870878776299
17.3875, 3002.4132096166636, 17.28, 964.599480001208, -0.822870878776299
17.404166666666665, 3004.093627216987, 17.28, 965.9444664697817, -0.822870878776299
17.420833333333334, 3005.734340256168, 17.28, 967.2576021013302, -0.822870878776299
17.4375, 3007.335337936943, 17.28, 968.5388833111159, -0.822870878776299
17.454166666666666, 3008.8965956237535, 17.28, 969.78829536672, -0.822870878776299
17.470833333333335, 3010.4180973384596, 17.28, 971.0058303264577, -0.822870878776299
17.4875, 3011.899821228192, 17.28, 972.1914754024973, -0.822870878776299
17.504166666666666, 3013.3417502878187, 17.28, 973.3452215711006, -0.822870878776299
17.520833333333332, 3014.743884197574, 17.28, 974.4670730956642, -0.822870878776299
17.5375, 3016.1062086991483, 17.28, 975.55702289896, -0.822870878776299
17.554166666666667, 3023.2094460118947, 17.28, 977.6123294765958, -0.822870878776299
17.570833333333333, 3024.407194420469, 17.28, 978.5743366866619, -0.822870878776299
17.5875, 3025.6479322932173, 17.28, 979.5678121605522, -0.822870878776299
17.604166666666668, 3026.8524098997086, 17.28, 980.5320774213119, -0.822870878776299
17.620833333333334, 3028.017051085526, 17.28, 981.4644072245835, -0.822870878776299
17.6375, 3029.1416526052067, 17.28, 982.3646488249856, -0.822870878776299
17.654166666666665, 3030.2262146035982, 17.28, 983.2328062453693, -0.822870878776299
17.670833333333334, 3031.2707824871495, 17.28, 984.0689192069765, -0.822870878776299
17.6875, 3032.275378252267, 17.28, 984.8730086207117, -0.822870878776299
17.704166666666666, 3033.2404477317655, 17.28, 985.6454348831945, -0.822870878776299
17.720833333333335, 3034.1670856236124, 17.28, 986.3870777799808, -0.822870878776299
17.7375, 3035.0558037717574, 17.28, 987.0983491944796, -0.822870878776299
17.754166666666666, 3035.9074513199716, 17.28, 987.779931780556, -0.822870878776299
17.770833333333332, 3036.724021114472, 17.28, 988.4334240148212, -0.822870878776299
17.7875, 3037.506417525613, 17.28, 989.0595508394929, -0.822870878776299
17.804166666666667, 3038.2551583891714, 17.28, 989.6587282828133, -0.822870878776299
17.820833333333333, 3038.9713633941383, 17.28, 990.2318550280729, -0.822870878776299
17.8375, 3039.6555336665433, 17.28, 990.7793332411741, -0.822870878776299
17.854166666666668, 3040.3076882737187, 17.28, 991.3011793882041, -0.822870878776299
17.870833333333334, 3040.9278087629045, 17.28, 991.7973802937402, -0.822870878776299
17.8875, 3041.515882507149, 17.28, 992.2679273199691, -0.822870878776299
17.904166666666665, 3042.0719538771314, 17.28, 992.7128575936881, -0.822870878776299
17.920833333333334, 3042.5961331757535, 17.28, 993.1322607587582, -0.822870878776299
17.9375, 3043.0885020375813, 17.28, 993.5262034869509, -0.822870878776299
17.954166666666666, 3043.5500944883097, 17.28, 993.8955152657187, -0.822870878776299
17.970833333333335, 3043.983398710617, 17.28, 994.2421898142812, -0.822870878776299
17.9875, 3044.389598378632, 17.28, 994.5671737076148, -0.822870878776299
18.004166666666666, 3044.770626404952, 17.28, 994.8720151137348, -0.822870878776299
18.020833333333332, 3045.1309554715112, 17.28, 995.1602962054448, -0.822870878776299
18.0375, 3028.19537553288, 0.057846340652185774, 996.1494890236424, -0.019417279398466027
18.054166666666667, 3028.4557911758025, 0.0, 996.4235259321595, 0.0
18.070833333333333, 3028.764955017418, 0.0, 996.6708655917585, 0.0
18.0875, 3029.0603122206526, 0.0, 996.9071614656558, 0.0
18.104166666666668, 3029.341926032397, 0.0, 997.1324598498177, 0.0
18.120833333333334, 3029.6099241238917, 0.0, 997.3468628284994, 0.0
18.1375, 3029.8643619139166, 0.0, 997.5504148961173, 0.0
18.154166666666665, 3030.1052362594864, 0.0, 997.7431137876897, 0.0
18.170833333333334, 3030.3325336384037, 0.0, 997.924948911356, 0.0
18.1875, 3030.546266089897, 0.0, 998.0959302087788, 0.0
18.204166666666666, 3030.7468936909513, 0.0, 998.2564264121436, 0.0
18.220833333333335, 3030.9355303603747, 0.0, 998.4073296263379, 0.0
18.2375, 3031.1127064538937, 0.0, 998.5490636507791, 0.0
18.254166666666666, 3031.2792740920304, 0.0, 998.6823107979619, 0.0
18.270833333333332, 3031.4372057897776, 0.0, 998.80865041648, 0.0
18.2875, 3031.5874056326556, 0.0, 998.9288047758176, 0.0
18.304166666666667, 3031.7303887455146, 0.0, 999.043185584377, 0.0
18.320833333333333, 3031.867248378505, 0.0, 999.1526682374193, 0.0
18.3375, 3031.9984790300637, 0.0, 999.2576477149208, 0.0
18.354166666666668, 3032.1241362987575, 0.0, 999.3581680735082, 0.0
18.370833333333334, 3032.2442862760427, 0.0, 999.4542823174314, 0.0
18.3875, 3032.3589571186, 0.0, 999.5460128642151, 0.0
18.404166666666665, 3032.4681332242226, 0.0, 999.6333473311495, 0.0
18.420833333333334, 3032.5717707851572, 0.0, 999.7162506162161, 0.0
18.4375, 3032.6698517028967, 0.0, 999.7947083606608, 0.0
18.454166666666666, 3032.7623732727143, 0.0, 999.8687184903112, 0.0
18.470833333333335, 3032.8493303225314, 0.0, 999.9382768288807, 0.0
18.4875, 3032.930716392452, 0.0, 1000.0033782952872, 0.0
18.504166666666666, 3033.0065271930325, 0.0, 1000.064019459886, 0.0
18.520833333333332, 3033.07674602107, 0.0, 1000.1201870033219, 0.0
18.5375, 3033.1413640784635, 0.0, 1000.1718739394264, 0.0
18.554166666666667, 3033.2003758791434, 0.0, 1000.2190758774934, 0.0
18.570833333333333, 3033.2537719817115, 0.0, 1000.261785301648, 0.0
18.5875, 3033.3015458047084, 0.0, 1000.2999969516814, 0.0
18.604166666666668, 3033.3437094992337, 0.0, 1000.3337206839261, 0.0
18.620833333333334, 3033.380289389419, 0.0, 1000.3629774635534, 0.0
18.6375, 3033.4113008234863, 0.0, 1000.387779660105, 0.0
18.654166666666665, 3033.4367226335035, 0.0, 1000.4081102151864, 0.0
18.670833333333334, 3033.456513820918, 0.0, 1000.4239364895436, 0.0
18.6875, 3033.470641983887, 0.0, 1000.4352324106446, 0.0
18.704166666666666, 3033.4788002957193, 0.0, 1000.4417523184821, 0.0
18.720833333333335, 3033.480240657994, 0.0, 1000.4428972903546, 0.0
18.7375, 3033.474607587101, 0.0, 1000.4383833198189, 0.0
18.754166666666666, 3033.4613205823853, 0.0, 1000.4277458246669, 0.0
18.770833333333332, 3033.4390333052156, 0.0, 1000.4099069567015, 0.0
18.7875, 3033.4071309122896, 0.0, 1000.3843755722908, 0.0
18.804166666666667, 3033.365256141536, 0.0, 1000.3508661565788, 0.0
18.820833333333333, 3033.312651835393, 0.0, 1000.3087726344008, 0.0
18.8375, 3033.2489714664357, 0.0, 1000.2578179711173, 0.0
18.854166666666668, 3033.174199723426, 0.0, 1000.1979903936842, 0.0
18.870833333333334, 3033.0883421933836, 0.0, 1000.1292943586039, 0.0
18.8875, 3032.9914001836974, 0.0, 1000.0517307250728, 0.0
18.904166666666665, 3032.883339510056, 0.0, 999.9652720594048, 0.0
18.920833333333334, 3032.764082591873, 0.0, 999.8698562159185, 0.0
18.9375, 3032.633572999823, 0.0, 999.765437880904, 0.0
18.954166666666666, 3032.491114665961, 0.0, 999.651459482157, 0.0
18.970833333333335, 3032.3350485145243, 0.0, 999.5265925272915, 0.0
18.9875, 3032.1645833877587, 0.0, 999.3902048832039, 0.0
19.004166666666666, 3031.97842946351, 0.0, 999.2412639672539, 0.0
19.020833333333332, 3031.7736023616335, 0.0, 999.0773802124853, 0.0
19.0375, 3031.5487423369605, 0.0, 998.8974672163383, 0.0
19.054166666666667, 3031.303065209752, 0.0, 998.7008978193431, 0.0
19.070833333333333, 3031.0349073239718, 0.0, 998.4863398523119, 0.0
19.0875, 3030.7435260320717, 0.0, 998.2531996235764, 0.0
19.104166666666668, 3030.428837237752, 0.0, 998.0014100133711, 0.0
19.120833333333334, 3030.09076437312, 0.0, 997.7309092701405, 0.0
19.1375, 3029.7292736633412, 0.0, 997.4416697431162, 0.0
19.154166666666665, 3029.3443689498977, 0.0, 997.1336939879137, 0.0
19.170833333333334, 3028.9360624968826, 0.0, 996.8069910459109, 0.0
19.1875, 3028.504349463257, 0.0, 996.4615562853826, 0.0
19.204166666666666, 3028.0489236903486, 0.0, 996.0971436646653, 0.0
19.220833333333335, 3027.5690389157944, 0.0, 995.7131548525673, 0.0
19.2375, 3027.064345776626, 0.0, 995.3093096899066, 0.0
19.254166666666666, 3026.5342739314424, 0.0, 994.8851506997902, 0.0
19.270833333333332, 3025.9775008440433, 0.0, 994.4396177855626, 0.0
19.2875, 3025.3934266219317, 0.0, 993.9722305276667, 0.0
19.304166666666667, 3024.781710669139, 0.0, 993.482715470603, 0.0
19.320833333333333, 3024.1416229730844, 0.0, 992.9704866885638, 0.0
19.3375, 3023.4728412190566, 0.0, 992.435285335565, 0.0
19.354166666666668, 3022.775334139748, 0.0, 991.8770851569798, 0.0
19.370833333333334, 3022.049066055255, 0.0, 991.2958560709993, 0.0
19.3875, 3021.2940290986467, 0.0, 990.6915902428476, 0.0
19.404166666666665, 3020.5102421982197, 0.0, 990.0643010748566, 0.0
19.420833333333334, 3019.6977457392886, 0.0, 989.4140192371174, 0.0
19.4375, 3018.856558284944, 0.0, 988.7407577291516, 0.0
19.454166666666666, 3017.9866954281815, 0.0, 988.0445271608759, 0.0
19.470833333333335, 3017.0881633921604, 0.0, 987.3253305275089, 0.0
19.4875, 3016.1609732040242, 0.0, 986.5831747112561, 0.0
19.504166666666666, 3015.20513912508, 0.0, 985.818069147061, 0.0
19.520833333333332, 3014.2206713815285, 0.0, 985.0300197601675, 0.0
19.5375, 3013.207585247242, 0.0, 984.2190366537478, 0.0
19.554166666666667, 3012.1658929961886, 0.0, 983.3851273802521, 0.0
19.570833333333333, 3011.0956119704165, 0.0, 982.5283035365826, 0.0
19.5875, 3009.996754502264, 0.0, 981.6485725751311, 0.0
19.604166666666668, 3008.8693264980225, 0.0, 980.7459368188839, 0.0
19.620833333333334, 3007.713316092533, 0.0, 979.8203842456641, 0.0
19.6375, 3006.5287273011713, 0.0, 978.8719155168517, 0.0
19.654166666666665, 3005.315592570327, 0.0, 977.9005539588435, 0.0
19.670833333333334, 3004.0739638694467, 0.0, 976.9063385881705, 0.0
19.6875, 3002.803884500488, 0.0, 975.8893013016775, 0.0
19.704166666666666, 3001.5056506720643, 0.0, 974.849676728315, 0.0
19.720833333333335, 3000.1799443800264, 0.0, 973.788008584349, 0.0
19.7375, 2998.827102444, 0.0, 972.704563373031, 0.0
19.754166666666666, 2997.4476596104164, 0.0, 971.5997668686115, 0.0
19.770833333333332, 2996.0428403044216, 0.0, 970.4745974848404, 0.0
19.7875, 2994.6132120865614, 0.0, 969.3295063950142, 0.0
19.804166666666667, 2993.1591101270365, 0.0, 968.1647590327811, 0.0
19.820833333333333, 2991.6812322925357, 0.0, 966.9809120584736, 0.0
19.8375, 2990.1798985088776, 0.0, 965.7782186325828, 0.0
19.854166666666668, 2988.6551429017018, 0.0, 964.5567029963911, 0.0
19.870833333333334, 2987.1069791292707, 0.0, 963.3163733426288, 0.0
19.8875, 2985.5354192599552, 0.0, 962.0572365112242, 0.0
19.904166666666665, 2983.9405123321317, 0.0, 960.7793288945526, 0.0
19.920833333333334, 2982.3223448332496, 0.0, 959.4827169947986, 0.0
19.9375, 2980.680990083258, 0.0, 958.167456532742, 0.0
19.954166666666666, 2979.017089260063, 0.0, 956.8340589699593, 0.0
19.970833333333335, 2977.3321650031544, 0.0, 955.4837425109337, 0.0
19.9875, 2975.6269512437443, 0.0, 954.1170918524864, 0.0
20.004166666666666, 2973.90262585543, 0.0, 952.7350487767488, 0.0
20.020833333333332, 2986.9029673149853, 14.695372800000245, 950.7139772130907, -0.6997913385348103
20.0375, 2987.744834474546, 17.28, 949.2004775923291, -0.822870878776299
20.054166666666667, 2985.9753899764714, 17.28, 947.7820399331483, -0.822870878776299
20.070833333333333, 2984.192150093379, 17.28, 946.3524739150193, -0.822870878776299
20.0875, 2982.3966891376986, 17.28, 944.9130271138089, -0.822870878776299
20.104166666666668, 2980.589094188493, 17.28, 943.4637676682216, -0.822870878776299
20.120833333333334, 2978.7694492402597, 17.28, 942.0047613930237, -0.822870878776299
20.1375, 2976.937796835033, 17.28, 940.5360405028549, -0.822870878776299
20.154166666666665, 2975.094143879305, 17.28, 939.0576089348286, -0.822870878776299
20.170833333333334, 2973.2384971916345, 17.28, 937.5694702348487, -0.822870878776299
20.1875, 2971.370874906565, 17.28, 936.0716372820647, -0.822870878776299
20.204166666666666, 2969.4915714614763, 17.28, 934.5643447234831, -0.822870878776299
20.220833333333335, 2967.6012898767854, 17.28, 933.0481552103325, -0.822870878776299
20.2375, 2965.7003701617436, 17.28, 931.5233393320003, -0.822870878776299
20.254166666666666, 2963.789348593885, 17.28, 929.9903259597979, -0.822870878776299
20.270833333333332, 2961.869461790399, 17.28, 928.4501063502923, -0.822870878776299
20.2875, 2959.94127712628, 17.28, 926.9031337007318, -0.822870878776299
20.304166666666667, 2958.005123969713, 17.28, 925.3496707322582, -0.822870878776299
20.320833333333333, 2956.0616892812404, 17.28, 923.790267884691, -0.822870878776299
20.3375, 2954.1112848348457, 17.28, 922.2251737160352, -0.822870878776299
20.354166666666668, 2952.1539549734343, 17.28, 920.6544225788512, -0.822870878776299
20.370833333333334, 2950.1897442556756, 17.28, 919.078049021987, -0.822870878776299
20.3875, 2948.2186773626777, 17.28, 917.4960719363805, -0.822870878776299
20.404166666666665, 2946.2407505781484, 17.28, 915.9084870413079, -0.822870878776299
20.420833333333334, 2944.255944539044, 17.28, 914.3152777996175, -0.822870878776299
20.4375, 2942.2642528615565, 17.28, 912.7164380205437, -0.822870878776299
20.454166666666666, 2940.2656871089116, 17.28, 911.1119758388144, -0.822870878776299
20.470833333333335, 2938.2602688940874, 17.28, 909.501907514492, -0.822870878776299
20.4875, 2936.248007629611, 17.28, 907.8862395332102, -0.822870878776299
20.504166666666666, 2934.228920631358, 17.28, 906.2649846683247, -0.822870878776299
20.520833333333332, 2932.203031767101, 17.28, 904.6381609676839, -0.822870878776299
20.5375, 2930.1703577289777, 17.28, 903.0057807603312, -0.822870878776299
20.554166666666667, 2928.13091094924, 17.28, 901.3678529716386, -0.822870878776299
20.570833333333333, 2926.0847016033417, 17.28, 899.7243845239808, -0.822870878776299
20.5875, 2924.0317418246336, 17.28, 898.0753841683086, -0.822870878776299
20.604166666666668, 2921.9720572856395, 17.28, 896.4208713405426, -0.822870878776299
20.620833333333334, 2919.9056958392634, 17.28, 894.7608834215107, -0.822870878776299
20.6375, 2917.8326853863496, 17.28, 893.0954417328378, -0.822870878776299
20.654166666666665, 2915.7530046068573, 17.28, 891.424527937051, -0.822870878776299
20.670833333333334, 2913.6665921088356, 17.28, 889.7480915917231, -0.822870878776299
20.6875, 2911.573406871051, 17.28, 888.0660985793453, -0.822870878776299
20.704166666666666, 2909.472968003023, 17.28, 886.3781609315639, -0.822870878776299
20.720833333333335, 2907.3641121725695, 17.28, 884.6833417930428, -0.822870878776299
20.7375, 2905.246292638756, 17.28, 882.9812009269608, -0.822870878776299
20.754166666666666, 2903.118605078494, 17.28, 881.2710095890076, -0.822870878776299
20.770833333333332, 2900.978946568137, 17.28, 879.5510745577785, -0.822870878776299
20.7875, 2898.8263599629868, 17.28, 877.8206253510052, -0.822870878776299
20.804166666666667, 2896.660302807796, 17.28, 876.0792239988687, -0.822870878776299
20.820833333333333, 2894.4795912919767, 17.28, 874.3259158402777, -0.822870878776299
20.8375, 2892.2837043269615, 17.28, 872.560279829717, -0.822870878776299
20.854166666666668, 2890.072625433486, 17.28, 870.7823005867383, -0.822870878776299
20.870833333333334, 2887.8463826978164, 17.28, 868.9919979816788, -0.822870878776299
20.8875, 2885.6049932931624, 17.28, 867.1893831729764, -0.822870878776299
20.904166666666665, 2883.348418230676, 17.28, 865.3744219795536, -0.822870878776299
20.920833333333334, 2881.076544045385, 17.28, 863.5470204081721, -0.822870878776299
20.9375, 2878.7892951152726, 17.28, 861.7071148106363, -0.822870878776299
20.954166666666666, 2876.485570686446, 17.28, 859.8538159881416, -0.822870878776299
20.970833333333335, 2874.162716578957, 17.28, 857.9849841299314, -0.822870878776299
20.9875, 2871.819478311526, 17.28, 856.0996075126159, -0.822870878776299
21.004166666666666, 2869.4538059555753, 17.28, 854.196032090455, -0.822870878776299
21.020833333333332, 2867.060923558752, 17.28, 852.2704079329761, -0.822870878776299
21.0375, 2864.638663114513, 17.28, 850.3209872273753, -0.822870878776299
21.054166666666667, 2862.185804869456, 17.28, 848.3467832745987, -0.822870878776299
21.070833333333333, 2859.6996997354163, 17.28, 846.3456566809567, -0.822870878776299
21.0875, 2857.1791829434806, 17.28, 844.3166643677164, -0.822870878776299
21.104166666666668, 2854.6241638953898, 17.28, 842.2597274031206, -0.822870878776299
21.120833333333334, 2852.034551072688, 17.28, 840.1747650572837, -0.822870878776299
21.1375, 2849.41032945838, 17.28, 838.061758127877, -0.822870878776299
21.154166666666665, 2846.7515426491113, 17.28, 835.9207346105452, -0.822870878776299
21.170833333333334, 2844.0582433681307, 17.28, 833.7517295533523, -0.822870878776299
21.1875, 2841.3304639789926, 17.28, 831.5547615883404, -0.822870878776299
21.204166666666666, 2838.5677432639504, 17.28, 829.3294513238019, -0.822870878776299
21.220833333333335, 2835.7689092833684, 17.28, 827.0748463888885, -0.822870878776299
21.2375, 2827.3801487815963, 17.28, 824.0969945588407, -0.822870878776299
21.254166666666666, 2824.6279101340288, 17.28, 821.8772743487353, -0.822870878776299
21.270833333333332, 2821.723625288965, 17.28, 819.538754166591, -0.822870878776299
21.2875, 2808.6043048308993, 7.139663198788636, 817.5961138579638, -0.3399896371848383
21.304166666666667, 2798.468020139889, 0.016813861864013346, 815.4849861396272, -0.005715605518374366
21.320833333333333, 2795.4169099723977, 0.0, 813.0469298230931, 0.0
21.3375, 2807.0801111237183, 14.695372800000245, 809.9435684024023, -0.6997913385348103
21.354166666666668, 2806.5591341771687, 17.28, 807.3255962507995, -0.822870878776299
21.370833333333334, 2803.3997283875105, 17.28, 804.7803034202511, -0.822870878776299
21.3875, 2800.196964591109, 17.28, 802.1998204634962, -0.822870878776299
21.404166666666665, 2791.5144042337324, 17.28, 798.4002899500667, -0.822870878776299
21.420833333333334, 2788.3678517557864, 17.28, 795.8633595423333, -0.822870878776299
21.4375, 2785.0465398433066, 17.28, 793.1883601501028, -0.822870878776299
21.454166666666666, 2781.678806821839, 17.28, 790.4758120046976, -0.822870878776299
21.470833333333335, 2778.2687739756307, 17.28, 787.7288935866818, -0.822870878776299
21.4875, 2768.6849513917805, 17.28, 783.999677053506, -0.822870878776299
21.504166666666666, 2765.3471538001054, 17.28, 781.3086529378721, -0.822870878776299
21.520833333333332, 2761.8214116508543, 17.28, 778.4690711625622, -0.822870878776299
21.5375, 2758.249213266662, 17.28, 775.5918848595845, -0.822870878776299
21.554166666666667, 2754.6350541793095, 17.28, 772.6805636482293, -0.822870878776299
21.570833333333333, 2750.979146389481, 17.28, 769.7352604918295, -0.822870878776299
21.5875, 2747.2815618373356, 17.28, 766.7560208790421, -0.822870878776299
21.604166666666668, 2738.9679284994963, 17.28, 763.001861295917, -0.822870878776299
21.620833333333334, 2729.9415290702455, 17.28, 759.5225359797713, -0.822870878776299
21.6375, 2726.160647469461, 17.28, 756.4788894637765, -0.822870878776299
21.654166666666665, 2722.4112079948663, 17.28, 753.4584963223585, -0.822870878776299
21.670833333333334, 2718.5199677668984, 17.28, 750.3265975558953, -0.822870878776299
21.6875, 2714.58448824266, 17.28, 747.1588014768506, -0.822870878776299
21.704166666666666, 2710.6085524069304, 17.28, 743.9580294868061, -0.822870878776299
21.720833333333335, 2706.593754881748, 17.28, 740.7255491921967, -0.822870878776299
21.7375, 2702.5408476852244, 17.28, 737.4619526964051, -0.822870878776299
21.754166666666666, 2698.451005072747, 17.28, 734.1681736675588, -0.822870878776299
21.770833333333332, 2694.3268598416066, 17.28, 730.8463217668091, -0.822870878776299
21.7875, 2690.169634300319, 17.28, 727.4973690489533, -0.822870878776299
21.804166666666667, 2685.980069892016, 17.28, 724.1219013090481, -0.822870878776299
21.820833333333333, 2681.7596750178523, 17.28, 720.7211236786757, -0.822870878776299
21.8375, 2677.5091567506292, 17.28, 717.2955946813308, -0.822870878776299
21.854166666666668, 2673.228611949484, 17.28, 713.8453815423791, -0.822870878776299
21.870833333333334, 2668.9180902289413, 17.28, 710.370513684411, -0.822870878776299
21.8875, 2664.5776499988224, 17.28, 706.871027586547, -0.822870878776299
21.904166666666665, 2649.8528793911773, 17.28, 702.0707274055422, -0.822870878776299
21.920833333333334, 2639.7167643320836, 17.28, 697.9042107173107, -0.822870878776299
21.9375, 2635.4679127504687, 17.28, 694.4805889768332, -0.822870878776299
21.954166666666666, 2631.0353447642456, 17.28, 690.912127517215, -0.822870878776299
21.970833333333335, 2626.5737789498635, 17.28, 687.3199433056417, -0.822870878776299
21.9875, 2622.0891437239075, 17.28, 683.7086577173692, -0.822870878776299
22.004166666666666, 2617.5841433430583, 17.28, 680.0804359155597, -0.822870878776299
22.020833333333332, 2613.0646622183795, 17.28, 676.4400129516418, -0.822870878776299
22.0375, 2608.5333594973636, 17.28, 672.7895229759596, -0.822870878776299
22.054166666666667, 2603.9946000166683, 17.28, 669.1320650783057, -0.822870878776299
22.070833333333333, 2599.449385511072, 17.28, 665.46883448242, -0.822870878776299
22.0875, 2594.8986371981373, 17.28, 661.8005929492265, -0.822870878776299
22.104166666666668, 2590.3424920706257, 17.28, 658.1274483527383, -0.822870878776299
22.120833333333334, 2585.781129520542, 17.28, 654.4495430559667, -0.822870878776299
22.1375, 2581.214626577478, 17.28, 650.7669369275641, -0.822870878776299
22.154166666666665, 2576.642993390989, 17.28, 647.079635984419, -0.822870878776299
22.170833333333334, 2567.742132318629, 17.28, 642.9073735390112, -0.822870878776299
22.1875, 2558.208961673191, 17.28, 639.0626035678811, -0.822870878776299
22.204166666666666, 2553.7667303236094, 17.28, 635.4800535470346, -0.822870878776299
22.220833333333335, 2549.190588211009, 17.28, 631.7934713065002, -0.822870878776299
22.2375, 2544.608314441367, 17.28, 628.1015378174188, -0.822870878776299
22.254166666666666, 2540.0273384526213, 17.28, 624.4097123892939, -0.822870878776299
22.270833333333332, 2535.4484089597995, 17.28, 620.7189340163254, -0.822870878776299
22.2875, 2530.8720158027627, 17.28, 617.0296412982017, -0.822870878776299
22.304166666666667, 2520.6053188146584, 17.28, 612.7942205623351, -0.822870878776299
22.320833333333333, 2516.1926433327235, 17.28, 609.2344714317956, -0.822870878776299
22.3375, 2511.6407749493055, 17.28, 605.5652783550944, -0.822870878776299
22.354166666666668, 2507.090411470738, 17.28, 601.896867255786, -0.822870878776299
22.370833333333334, 2502.5452634938565, 17.28, 598.2321119143413, -0.822870878776299
22.3875, 2498.005453005979, 17.28, 594.5711083006598, -0.822870878776299
22.404166666666665, 2493.470944417059, 17.28, 590.913829206741, -0.822870878776299
22.420833333333334, 2488.944048053378, 17.28, 587.2617982636755, -0.822870878776299
22.4375, 2484.4461479401016, 17.28, 583.6334323912092, -0.822870878776299
22.454166666666666, 2480.0036257343495, 17.28, 580.0479356206666, -0.822870878776299
22.470833333333335, 2470.4343102502507, 17.28, 576.2108679479281, -0.822870878776299
22.4875, 2466.0539715142127, 17.28, 572.6739212834482, -0.822870878776299
22.504166666666666, 2461.5607740012188, 17.28, 569.0493250854128, -0.822870878776299
22.520833333333332, 2457.0705947311153, 17.28, 565.426590139861, -0.822870878776299
22.5375, 2452.5892137865085, 17.28, 561.8099023352172, -0.822870878776299
22.554166666666667, 2448.1644414120124, 17.28, 558.2404811425314, -0.822870878776299
22.570833333333333, 2438.929975542427, 17.28, 554.0810405243344, -0.822870878776299
22.5875, 2434.6586967374133, 17.28, 550.6307212782729, -0.822870878776299
22.604166666666668, 2420.131583463284, 7.139663198788636, 547.542200475885, -0.3399896371848383
22.620833333333334, 2408.630610539415, 0.016813861864013346, 544.3205138011411, -0.005715605518374366
22.6375, 2404.2546773254667, 0.0, 540.8058413792962, 0.0
22.654166666666665, 2394.4638165087044, 0.0, 536.9513334072961, 0.0
22.670833333333334, 2390.2256604046893, 0.0, 533.527321843104, 0.0
22.6875, 2380.6665065423167, 0.0, 529.0690484456289, 0.0
22.704166666666666, 2376.4293211595696, 0.0, 525.6477804505201, 0.0
22.720833333333335, 2372.109034489618, 0.0, 522.1615682750705, 0.0
22.7375, 2363.254150289178, 0.0, 518.09100336213, 0.0
22.754166666666666, 2359.064980599708, 0.0, 514.7079079893001, 0.0
22.770833333333332, 2354.7662412859886, 0.0, 511.24077616408493, 0.0
22.7875, 2345.3975664272953, 0.0, 507.5794093476367, 0.0
22.804166666666667, 2341.1331372373356, 0.0, 504.14048339959146, 0.0
22.820833333333333, 2332.0117142699896, 0.0, 500.0551194184506, 0.0
22.8375, 2327.7811737346055, 0.0, 496.64576881527177, 0.0
22.854166666666668, 2323.436175509764, 0.0, 493.14727263270714, 0.0
22.870833333333334, 2319.0943071076517, 0.0, 489.65089147501334, 0.0
22.8875, 2314.758229721187, 0.0, 486.15867611392827, 0.0
22.904166666666665, 2310.429858314587, 0.0, 482.6719038419657, 0.0
22.920833333333334, 2306.1266547620216, 0.0, 479.2058696603269, 0.0
22.9375, 2301.8725816750216, 0.0, 475.7780671417174, 0.0
22.954166666666666, 2297.6427256153397, 0.0, 472.367245883454, 0.0
22.970833333333335, 2288.48277454186, 0.0, 468.2814897248189, 0.0
22.9875, 2284.30094721861, 0.0, 464.9104997897602, 0.0
23.004166666666666, 2275.422704484188, 0.0, 461.07491782586874, 0.0
23.020833333333332, 2266.11838427467, 0.0, 457.6161025291566, 0.0
23.0375, 2262.0325738014544, 0.0, 454.3246914031137, 0.0
23.054166666666667, 2257.865523588777, 0.0, 450.9694019958206, 0.0
23.070833333333333, 2253.70477428653, 0.0, 447.61878634813326, 0.0
23.0875, 2249.551918682404, 0.0, 444.2740823431929, 0.0
23.104166666666668, 2245.406975711177, 0.0, 440.9353064092507, 0.0
23.120833333333334, 2241.2699434181704, 0.0, 437.6024592734868, 0.0
23.1375, 2237.1408073693233, 0.0, 434.27553164132064, 0.0
23.154166666666665, 2219.6224806677205, 0.0, 430.4765247139224, 0.0
23.170833333333334, 2215.5537447194088, 0.0, 427.2046060943185, 0.0
23.1875, 2211.390462210455, 0.0, 423.8597885562717, 0.0
23.204166666666666, 2201.6179610647278, 0.0, 420.1362467092028, 0.0
23.220833333333335, 2197.595067101545, 0.0, 416.90259829897707, 0.0
23.2375, 2193.4622357681833, 0.0, 413.5838958496581, 0.0
23.254166666666666, 2189.337105540097, 0.0, 410.27080360691974, 0.0
23.270833333333332, 2185.221787363745, 0.0, 406.9650258257575, 0.0
23.2875, 2181.1154629312273, 0.0, 403.66602567219064, 0.0
23.304166666666667, 2177.0180852132653, 0.0, 400.3737712738691, 0.0
23.320833333333333, 2172.9297650954018, 0.0, 397.0883545038887, 0.0
23.3375, 2168.8505400119143, 0.0, 393.80980819880915, 0.0
23.354166666666668, 2164.7803889293577, 0.0, 390.53811807590085, 0.0
23.370833333333334, 2160.7192927123406, 0.0, 387.2732715606677, 0.0
23.3875, 2156.6672283095163, 0.0, 384.0152527773201, 0.0
23.404166666666665, 2152.6241662850466, 0.0, 380.764040701322, 0.0
23.420833333333334, 2148.5921536393407, 0.0, 377.5209933648331, 0.0
23.4375, 2144.5942854001905, 0.0, 374.30682041871626, 0.0
23.454166666666666, 2140.6389196700234, 0.0, 371.1241434593541, 0.0
23.470833333333335, 2126.206791138838, 0.0, 367.73537974712366, 0.0
23.4875, 2122.353904310278, 0.0, 364.63601370291457, 0.0
23.504166666666666, 2118.3811258098112, 0.0, 361.44308763308186, 0.0
23.520833333333332, 2114.4154072372517, 0.0, 358.2553976073258, 0.0
23.5375, 2110.46155409232, 0.0, 355.0770188112084, 0.0
23.554166666666667, 2102.1871752855745, 0.0, 352.3473054888217, 0.0
23.570833333333333, 2098.331692982981, 0.0, 349.2468540436476, 0.0
23.5875, 2094.4075107901267, 0.0, 346.09335776974103, 0.0
23.604166666666668, 2090.490234044742, 0.0, 342.9450641589504, 0.0
23.620833333333334, 2086.5813488136714, 0.0, 339.8031106722742, 0.0
23.6375, 2082.6808539652693, 0.0, 336.66749751546297, 0.0
23.654166666666665, 2078.789735922678, 0.0, 333.5388792164631, 0.0
23.670833333333334, 2074.9163505110187, 0.0, 330.42492874458446, 0.0
23.6875, 2066.73150400766, 0.0, 327.1958387321174, 0.0
23.704166666666666, 2062.957093073973, 0.0, 324.16043779918436, 0.0
23.720833333333335, 2059.1061020701145, 0.0, 321.065654747506, 0.0
23.7375, 2049.9945205271424, 0.0, 317.9020276824486, 0.0
23.754166666666666, 2042.0660629318952, 0.0, 314.86758587422304, 0.0
23.770833333333332, 2038.336748253248, 0.0, 311.87222157382536, 0.0
23.7875, 2034.5373979775152, 0.0, 308.8221798162026, 0.0
23.804166666666667, 2030.7470765682533, 0.0, 305.77905553922113, 0.0
23.820833333333333, 2026.9675733552367, 0.0, 302.744241139259, 0.0
23.8375, 2023.1990636613116, 0.0, 299.71787926658584, 0.0
23.854166666666668, 2019.441523285619, 0.0, 296.69995349467615, 0.0
23.870833333333334, 2011.0044773687437, 0.0, 293.9665888023862, 0.0
23.8875, 2007.3586983823088, 0.0, 291.0372637753002, 0.0
23.904166666666665, 2000.1436317722946, 0.0, 288.38669689621935, 0.0
23.920833333333334, 1996.5494868299527, 0.0, 285.4988954170733, 0.0
23.9375, 1992.860144046092, 0.0, 282.53846891030685, 0.0
23.954166666666666, 1985.0825385269357, 0.0, 280.21676599237884, 0.0
23.970833333333335, 1981.4849464662607, 0.0, 277.3295680103385, 0.0
23.9875, 1977.8359475959744, 0.0, 274.4028105590072, 0.0
24.004166666666666, 1974.1996968181334, 0.0, 271.48590577520923, 0.0
24.020833333333332, 1970.5784609388245, 0.0, 268.5806993553408, 0.0
24.0375, 1966.9729492729205, 0.0, 265.68776476970277, 0.0
24.054166666666667, 1958.2961705329599, 0.0, 262.902234400993, 0.0
24.070833333333333, 1954.8145586420692, 0.0, 260.107784365824, 0.0
24.0875, 1951.2660272027758, 0.0, 257.262019320715, 0.0
24.104166666666668, 1947.7338330529565, 0.0, 254.42903559340095, 0.0
24.120833333333334, 1944.2204857867282, 0.0, 251.61063552829944, 0.0
24.1375, 1940.7246678295544, 0.0, 248.805967437497, 0.0
24.154166666666665, 1937.2461528962099, 0.0, 246.01486062477375, 0.0
24.170833333333334, 1933.784884134969, 0.0, 243.2372742910749, 0.0
24.1875, 1930.3408158559762, 0.0, 240.47317639712566, 0.0
24.204166666666666, 1926.914080866122, 0.0, 237.72267815177946, 0.0
24.220833333333335, 1923.505064825611, 0.0, 234.98609391858972, 0.0
24.2375, 1920.1139192435294, 0.0, 232.26354992880377, 0.0
24.254166666666666, 1916.740922970041, 0.0, 229.55527479670886, 0.0
24.270833333333332, 1913.3867994992472, 0.0, 226.86185449832246, 0.0
24.2875, 1910.053365726626, 0.0, 224.18454089942324, 0.0
24.304166666666667, 1906.7575314575886, 0.0, 221.53905345437485, 0.0
24.320833333333333, 1895.568350354081, 0.0, 219.30382815586918, 0.0
24.3375, 1892.3831364918901, 0.0, 216.7475262904601, 0.0
24.354166666666668, 1889.137612950252, 0.0, 214.14452999966866, 0.0
24.370833333333334, 1876.6587063811194, 0.0, 212.33619205188083, 0.0
24.3875, 1873.5551700253618, 0.0, 209.8475419600532, 0.0
24.404166666666665, 1870.3808676700332, 0.0, 207.30426589260767, 0.0
24.420833333333334, 1867.2247529780348, 0.0, 204.77533822241975, 0.0
24.4375, 1864.0880008455802, 0.0, 202.26166620567827, 0.0
24.454166666666666, 1860.9705778398259, 0.0, 199.76322703567587, 0.0
24.470833333333335, 1854.606097380197, 0.0, 197.84316695222267, 0.0
24.4875, 1847.7869487966182, 0.0, 196.3004679841489, 0.0
24.504166666666666, 1844.7839006344536, 0.0, 193.89577300937805, 0.0
24.520833333333332, 1841.751555001484, 0.0, 191.46904682089755, 0.0
24.5375, 1838.7374790070337, 0.0, 189.05673247491632, 0.0
24.554166666666667, 1835.742390996134, 0.0, 186.65937879076947, 0.0
24.570833333333333, 1832.7662557770502, 0.0, 184.27696152371448, 0.0
24.5875, 1829.8090264452037, 0.0, 181.90944748791895, 0.0
24.604166666666668, 1826.8706467004547, 0.0, 179.55679590558023, 0.0
24.620833333333334, 1823.9510612060988, 0.0, 177.2189667790981, 0.0
24.6375, 1821.0502165903295, 0.0, 174.89592165649955, 0.0
24.654166666666665, 1818.168066561345, 0.0, 172.58762767035884, 0.0
24.670833333333334, 1815.304573958668, 0.0, 170.29405927814304, 0.0
24.6875, 1812.459697742634, 0.0, 168.01518774729266, 0.0
24.704166666666666, 1809.6334722584995, 0.0, 165.75104472355818, 0.0
24.720833333333335, 1806.8267012089425, 0.0, 163.50218595069157, 0.0
24.7375, 1804.0394395541662, 0.0, 161.26866862279687, 0.0
24.754166666666666, 1801.2711844818116, 0.0, 159.0501770232034, 0.0
24.770833333333332, 1798.5221950005398, 0.0, 156.84692516548793, 0.0
24.7875, 1791.0951912719547, 0.0, 155.08930655312975, 0.0
24.804166666666667, 1788.4486685303707, 0.0, 152.96767840901327, 0.0
24.820833333333333, 1785.7629528702028, 0.0, 150.81638120656078, 0.0
24.8375, 1783.0960940128646, 0.0, 148.6800247598506, 0.0
24.854166666666668, 1780.448776573875, 0.0, 146.55913670770937, 0.0
24.870833333333334, 1777.8209612205976, 0.0, 144.4536892437328, 0.0
24.8875, 1775.2126991004036, 0.0, 142.36371286602818, 0.0
24.904166666666665, 1772.6248784141126, 0.0, 140.2897940414275, 0.0
24.920833333333334, 1770.056548684139, 0.0, 138.23131654921204, 0.0
24.9375, 1767.5075675017551, 0.0, 136.18817422286503, 0.0
24.954166666666666, 1764.9780794320202, 0.0, 134.160486927865, 0.0
24.970833333333335, 1762.4685086486606, 0.0, 132.14859873025839, 0.0
24.9875, 1759.9790194741042, 0.0, 130.15264515512695, 0.0
