simulation_time_hrs,base_load_kW,total_demand_kW,HOME,DESTINATION,WORK
23.0,2002.245238,0.0,0.0,0.0,0.0
23.016666666666666,1998.169048,0.0,0.0,0.0,0.0
23.033333333333335,1994.100603,0.0,0.0,0.0,0.0
23.05,1990.040049,0.0,0.0,0.0,0.0
23.066666666666666,1985.987741,0.0,0.0,0.0,0.0
23.083333333333332,1981.943814,0.0,0.0,0.0,0.0
23.1,1977.908256,0.0,0.0,0.0,0.0
23.116666666666667,1973.881062,0.0,0.0,0.0,0.0
23.133333333333333,1969.862215,0.0,0.0,0.0,0.0
23.15,1965.851689,0.0,0.0,0.0,0.0
23.166666666666668,1961.849457,0.0,0.0,0.0,0.0
23.183333333333334,1957.855493,0.0,0.0,0.0,0.0
23.2,1953.869835,0.0,0.0,0.0,0.0
23.216666666666665,1949.892599,0.0,0.0,0.0,0.0
23.233333333333334,1945.923826,0.0,0.0,0.0,0.0
23.25,1941.963598,0.0,0.0,0.0,0.0
23.266666666666666,1938.012144,0.0,0.0,0.0,0.0
23.283333333333335,1934.069545,0.0,0.0,0.0,0.0
23.3,1930.13584,0.0,0.0,0.0,0.0
23.316666666666666,1926.211138,0.0,0.0,0.0,0.0
23.333333333333332,1922.295473,0.0,0.0,0.0,0.0
23.35,1918.388823,0.0,0.0,0.0,0.0
23.366666666666667,1914.491169,0.0,0.0,0.0,0.0
23.383333333333333,1910.602488,0.0,0.0,0.0,0.0
23.4,1906.722751,0.0,0.0,0.0,0.0
23.416666666666668,1902.851923,0.0,0.0,0.0,0.0
23.433333333333334,1898.989974,0.0,0.0,0.0,0.0
23.45,1895.13687,0.0,0.0,0.0,0.0
23.466666666666665,1891.29256,0.0,0.0,0.0,0.0
23.483333333333334,1887.457008,0.0,0.0,0.0,0.0
23.5,1883.63017,0.0,0.0,0.0,0.0
23.516666666666666,1879.811977,0.0,0.0,0.0,0.0
23.533333333333335,1876.002388,0.0,0.0,0.0,0.0
23.55,1872.201365,0.0,0.0,0.0,0.0
23.566666666666666,1868.40886,0.0,0.0,0.0,0.0
23.583333333333332,1864.624839,0.0,0.0,0.0,0.0
23.6,1860.849269,0.0,0.0,0.0,0.0
23.616666666666667,1857.082108,0.0,0.0,0.0,0.0
23.633333333333333,1853.323323,0.0,0.0,0.0,0.0
23.65,1849.572897,0.0,0.0,0.0,0.0
23.666666666666668,1845.83083,0.0,0.0,0.0,0.0
23.683333333333334,1842.09711,0.0,0.0,0.0,0.0
23.7,1838.371879,0.0,0.0,0.0,0.0
23.716666666666665,1834.655507,0.0,0.0,0.0,0.0
23.733333333333334,1830.948143,0.0,0.0,0.0,0.0
23.75,1827.250068,0.0,0.0,0.0,0.0
23.766666666666666,1823.561968,0.0,0.0,0.0,0.0
23.783333333333335,1819.884121,0.0,0.0,0.0,0.0
23.8,1816.216676,0.0,0.0,0.0,0.0
23.816666666666666,1812.560005,0.0,0.0,0.0,0.0
23.833333333333332,1808.914246,0.0,0.0,0.0,0.0
23.85,1805.279371,0.0,0.0,0.0,0.0
23.866666666666667,1801.655338,0.0,0.0,0.0,0.0
23.883333333333333,1798.042114,0.0,0.0,0.0,0.0
23.9,1794.439684,0.0,0.0,0.0,0.0
23.916666666666668,1790.848063,0.0,0.0,0.0,0.0
23.933333333333334,1787.267249,0.0,0.0,0.0,0.0
23.95,1783.69761,0.0,0.0,0.0,0.0
23.966666666666665,1780.140066,0.0,0.0,0.0,0.0
23.983333333333334,1776.595003,0.0,0.0,0.0,0.0
24.0,1773.063121,0.0,0.0,0.0,0.0
24.016666666666666,1769.546088,0.0,0.0,0.0,0.0
24.033333333333335,1766.044593,0.0,0.0,0.0,0.0
24.05,1762.559016,0.0,0.0,0.0,0.0
24.066666666666666,1759.090264,0.0,0.0,0.0,0.0
24.083333333333332,1755.638688,0.0,0.0,0.0,0.0
24.1,1752.204267,0.0,0.0,0.0,0.0
24.116666666666667,1748.786997,0.0,0.0,0.0,0.0
24.133333333333333,1745.386846,0.0,0.0,0.0,0.0
24.15,1742.003761,0.0,0.0,0.0,0.0
24.166666666666668,1738.637687,0.0,0.0,0.0,0.0
24.183333333333334,1735.288577,0.0,0.0,0.0,0.0
24.2,1731.95656,0.0,0.0,0.0,0.0
24.216666666666665,1728.642012,0.0,0.0,0.0,0.0
24.233333333333334,1725.345074,0.0,0.0,0.0,0.0
24.25,1722.066016,0.0,0.0,0.0,0.0
24.266666666666666,1718.805545,0.0,0.0,0.0,0.0
24.283333333333335,1715.563929,0.0,0.0,0.0,0.0
24.3,1712.341302,0.0,0.0,0.0,0.0
24.316666666666666,1709.138025,0.0,0.0,0.0,0.0
24.333333333333332,1705.954221,0.0,0.0,0.0,0.0
24.35,1702.789845,0.0,0.0,0.0,0.0
24.366666666666667,1699.644867,0.0,0.0,0.0,0.0
24.383333333333333,1696.519238,0.0,0.0,0.0,0.0
24.4,1693.412896,0.0,0.0,0.0,0.0
24.416666666666668,1690.32577,0.0,0.0,0.0,0.0
24.433333333333334,1687.257798,0.0,0.0,0.0,0.0
24.45,1684.208926,0.0,0.0,0.0,0.0
24.466666666666665,1681.179105,0.0,0.0,0.0,0.0
24.483333333333334,1678.168282,0.0,0.0,0.0,0.0
24.5,1675.176407,0.0,0.0,0.0,0.0
24.516666666666666,1672.203431,0.0,0.0,0.0,0.0
24.533333333333335,1669.249303,0.0,0.0,0.0,0.0
24.55,1666.313973,0.0,0.0,0.0,0.0
24.566666666666666,1663.397391,0.0,0.0,0.0,0.0
24.583333333333332,1660.499508,0.0,0.0,0.0,0.0
24.6,1657.620266,0.0,0.0,0.0,0.0
24.616666666666667,1654.759608,0.0,0.0,0.0,0.0
24.633333333333333,1651.917479,0.0,0.0,0.0,0.0
24.65,1649.093831,0.0,0.0,0.0,0.0
24.666666666666668,1646.288625,0.0,0.0,0.0,0.0
24.683333333333334,1643.501818,0.0,0.0,0.0,0.0
24.7,1640.733442,0.0,0.0,0.0,0.0
24.716666666666665,1637.983649,0.0,0.0,0.0,0.0
24.733333333333334,1635.252477,0.0,0.0,0.0,0.0
24.75,1632.540031,0.0,0.0,0.0,0.0
24.766666666666666,1629.846624,0.0,0.0,0.0,0.0
24.783333333333335,1627.172359,0.0,0.0,0.0,0.0
24.8,1624.517277,0.0,0.0,0.0,0.0
24.816666666666666,1621.881531,0.0,0.0,0.0,0.0
24.833333333333332,1619.265158,0.0,0.0,0.0,0.0
24.85,1616.668108,0.0,0.0,0.0,0.0
24.866666666666667,1614.09033,0.0,0.0,0.0,0.0
24.883333333333333,1611.531772,0.0,0.0,0.0,0.0
24.9,1608.992395,0.0,0.0,0.0,0.0
24.916666666666668,1606.47217,0.0,0.0,0.0,0.0
24.933333333333334,1603.971067,0.0,0.0,0.0,0.0
24.95,1601.489229,0.0,0.0,0.0,0.0
24.966666666666665,1599.027073,0.0,0.0,0.0,0.0
24.983333333333334,1596.584754,0.0,0.0,0.0,0.0
25.0,1594.162582,0.0,0.0,0.0,0.0
25.016666666666666,1591.761335,0.0,0.0,0.0,0.0
25.033333333333335,1589.381319,0.0,0.0,0.0,0.0
25.05,1587.022689,0.0,0.0,0.0,0.0
25.066666666666666,1584.685857,0.0,0.0,0.0,0.0
25.083333333333332,1582.370962,0.0,0.0,0.0,0.0
25.1,1580.077969,0.0,0.0,0.0,0.0
25.116666666666667,1577.806847,0.0,0.0,0.0,0.0
25.133333333333333,1575.557552,0.0,0.0,0.0,0.0
25.15,1573.330032,0.0,0.0,0.0,0.0
25.166666666666668,1571.124234,0.0,0.0,0.0,0.0
25.183333333333334,1568.940109,0.0,0.0,0.0,0.0
25.2,1566.777696,0.0,0.0,0.0,0.0
25.216666666666665,1564.637158,0.0,0.0,0.0,0.0
25.233333333333334,1562.51854,0.0,0.0,0.0,0.0
25.25,1560.421954,0.0,0.0,0.0,0.0
25.266666666666666,1558.347727,0.0,0.0,0.0,0.0
25.283333333333335,1556.295974,0.0,0.0,0.0,0.0
25.3,1554.266737,0.0,0.0,0.0,0.0
25.316666666666666,1552.260177,0.0,0.0,0.0,0.0
25.333333333333332,1550.276332,0.0,0.0,0.0,0.0
25.35,1548.315163,0.0,0.0,0.0,0.0
25.366666666666667,1546.376632,0.0,0.0,0.0,0.0
25.383333333333333,1544.460699,0.0,0.0,0.0,0.0
25.4,1542.56731,0.0,0.0,0.0,0.0
25.416666666666668,1540.696411,0.0,0.0,0.0,0.0
25.433333333333334,1538.847955,0.0,0.0,0.0,0.0
25.45,1537.021895,0.0,0.0,0.0,0.0
25.466666666666665,1535.218191,0.0,0.0,0.0,0.0
25.483333333333334,1533.4368,0.0,0.0,0.0,0.0
25.5,1531.67768,0.0,0.0,0.0,0.0
25.516666666666666,1529.940795,0.0,0.0,0.0,0.0
25.533333333333335,1528.226105,0.0,0.0,0.0,0.0
25.55,1526.533569,0.0,0.0,0.0,0.0
25.566666666666666,1524.863144,0.0,0.0,0.0,0.0
25.583333333333332,1523.214792,0.0,0.0,0.0,0.0
25.6,1521.588481,0.0,0.0,0.0,0.0
25.616666666666667,1519.9842,0.0,0.0,0.0,0.0
25.633333333333333,1518.40192,0.0,0.0,0.0,0.0
25.65,1516.841583,0.0,0.0,0.0,0.0
25.666666666666668,1515.303112,0.0,0.0,0.0,0.0
25.683333333333334,1513.78644,0.0,0.0,0.0,0.0
25.7,1512.291229,0.0,0.0,0.0,0.0
25.716666666666665,1510.816733,0.0,0.0,0.0,0.0
25.733333333333334,1509.362596,0.0,0.0,0.0,0.0
25.75,1507.928235,0.0,0.0,0.0,0.0
25.766666666666666,1506.512328,0.0,0.0,0.0,0.0
25.783333333333335,1505.114297,0.0,0.0,0.0,0.0
25.8,1503.733786,0.0,0.0,0.0,0.0
25.816666666666666,1502.370042,0.0,0.0,0.0,0.0
25.833333333333332,1501.022731,0.0,0.0,0.0,0.0
25.85,1499.691822,0.0,0.0,0.0,0.0
25.866666666666667,1498.377296,0.0,0.0,0.0,0.0
25.883333333333333,1497.07913,0.0,0.0,0.0,0.0
25.9,1495.797265,0.0,0.0,0.0,0.0
25.916666666666668,1494.5316,0.0,0.0,0.0,0.0
25.933333333333334,1493.282053,0.0,0.0,0.0,0.0
25.95,1492.047913,0.0,0.0,0.0,0.0
25.966666666666665,1490.827523,0.0,0.0,0.0,0.0
25.983333333333334,1489.620132,0.0,0.0,0.0,0.0
26.0,1488.424463,0.0,0.0,0.0,0.0
26.016666666666666,1487.237566,0.0,0.0,0.0,0.0
26.033333333333335,1486.05817,0.0,0.0,0.0,0.0
26.05,1484.885531,0.0,0.0,0.0,0.0
26.066666666666666,1483.718005,0.0,0.0,0.0,0.0
26.083333333333332,1482.554896,0.0,0.0,0.0,0.0
26.1,1481.39614,0.0,0.0,0.0,0.0
26.116666666666667,1480.241652,0.0,0.0,0.0,0.0
26.133333333333333,1479.091392,0.0,0.0,0.0,0.0
26.15,1477.945356,0.0,0.0,0.0,0.0
26.166666666666668,1476.803545,0.0,0.0,0.0,0.0
26.183333333333334,1475.665946,0.0,0.0,0.0,0.0
26.2,1474.532244,0.0,0.0,0.0,0.0
26.216666666666665,1473.401704,0.0,0.0,0.0,0.0
26.233333333333334,1472.273995,0.0,0.0,0.0,0.0
26.25,1471.148558,0.0,0.0,0.0,0.0
26.266666666666666,1470.024095,0.0,0.0,0.0,0.0
26.283333333333335,1468.90005,0.0,0.0,0.0,0.0
26.3,1467.776101,0.0,0.0,0.0,0.0
26.316666666666666,1466.65153,0.0,0.0,0.0,0.0
26.333333333333332,1465.526036,0.0,0.0,0.0,0.0
26.35,1464.399594,0.0,0.0,0.0,0.0
26.366666666666667,1463.272162,0.0,0.0,0.0,0.0
26.383333333333333,1462.143726,0.0,0.0,0.0,0.0
26.4,1461.014296,0.0,0.0,0.0,0.0
26.416666666666668,1459.883903,0.0,0.0,0.0,0.0
26.433333333333334,1458.752557,0.0,0.0,0.0,0.0
26.45,1457.62026,0.0,0.0,0.0,0.0
26.466666666666665,1456.487008,0.0,0.0,0.0,0.0
26.483333333333334,1455.352802,0.0,0.0,0.0,0.0
26.5,1454.217642,0.0,0.0,0.0,0.0
26.516666666666666,1453.081527,0.0,0.0,0.0,0.0
26.533333333333335,1451.944457,0.0,0.0,0.0,0.0
26.55,1450.806435,0.0,0.0,0.0,0.0
26.566666666666666,1449.66746,0.0,0.0,0.0,0.0
26.583333333333332,1448.527534,0.0,0.0,0.0,0.0
26.6,1447.386653,0.0,0.0,0.0,0.0
26.616666666666667,1446.244808,0.0,0.0,0.0,0.0
26.633333333333333,1445.101997,0.0,0.0,0.0,0.0
26.65,1443.958227,0.0,0.0,0.0,0.0
26.666666666666668,1442.813515,0.0,0.0,0.0,0.0
26.683333333333334,1441.667874,0.0,0.0,0.0,0.0
26.7,1440.521417,0.0,0.0,0.0,0.0
26.716666666666665,1439.374414,0.0,0.0,0.0,0.0
26.733333333333334,1438.226986,0.0,0.0,0.0,0.0
26.75,1437.079341,0.0,0.0,0.0,0.0
26.766666666666666,1435.931963,0.0,0.0,0.0,0.0
26.783333333333335,1434.785059,0.0,0.0,0.0,0.0
26.8,1433.638751,0.0,0.0,0.0,0.0
26.816666666666666,1432.49331,0.0,0.0,0.0,0.0
26.833333333333332,1431.348849,0.0,0.0,0.0,0.0
26.85,1430.205371,0.0,0.0,0.0,0.0
26.866666666666667,1429.06287,0.0,0.0,0.0,0.0
26.883333333333333,1427.921345,0.0,0.0,0.0,0.0
26.9,1426.780806,0.0,0.0,0.0,0.0
26.916666666666668,1425.641279,0.0,0.0,0.0,0.0
26.933333333333334,1424.502785,0.0,0.0,0.0,0.0
26.95,1423.365576,0.0,0.0,0.0,0.0
26.966666666666665,1422.230254,0.0,0.0,0.0,0.0
26.983333333333334,1421.097087,0.0,0.0,0.0,0.0
27.0,1419.966539,0.0,0.0,0.0,0.0
27.016666666666666,1418.839689,0.0,0.0,0.0,0.0
27.033333333333335,1417.717,0.0,0.0,0.0,0.0
27.05,1416.598735,0.0,0.0,0.0,0.0
27.066666666666666,1415.485494,0.0,0.0,0.0,0.0
27.083333333333332,1414.377526,0.0,0.0,0.0,0.0
27.1,1413.274844,0.0,0.0,0.0,0.0
27.116666666666667,1412.17747,0.0,0.0,0.0,0.0
27.133333333333333,1411.08541,0.0,0.0,0.0,0.0
27.15,1409.998656,0.0,0.0,0.0,0.0
27.166666666666668,1408.917199,0.0,0.0,0.0,0.0
27.183333333333334,1407.841035,0.0,0.0,0.0,0.0
27.2,1406.77027,0.0,0.0,0.0,0.0
27.216666666666665,1405.705171,0.0,0.0,0.0,0.0
27.233333333333334,1404.645852,0.0,0.0,0.0,0.0
27.25,1403.59251,0.0,0.0,0.0,0.0
27.266666666666666,1402.545621,0.0,0.0,0.0,0.0
27.283333333333335,1401.505383,0.0,0.0,0.0,0.0
27.3,1400.471905,0.0,0.0,0.0,0.0
27.316666666666666,1399.445446,0.0,0.0,0.0,0.0
27.333333333333332,1398.42611,0.0,0.0,0.0,0.0
27.35,1397.413896,0.0,0.0,0.0,0.0
27.366666666666667,1396.408811,0.0,0.0,0.0,0.0
27.383333333333333,1395.410851,0.0,0.0,0.0,0.0
27.4,1394.420003,0.0,0.0,0.0,0.0
27.416666666666668,1393.436249,0.0,0.0,0.0,0.0
27.433333333333334,1392.459576,0.0,0.0,0.0,0.0
27.45,1391.489976,0.0,0.0,0.0,0.0
27.466666666666665,1390.527445,0.0,0.0,0.0,0.0
27.483333333333334,1389.571977,0.0,0.0,0.0,0.0
27.5,1388.623566,0.0,0.0,0.0,0.0
27.516666666666666,1387.682208,0.0,0.0,0.0,0.0
27.533333333333335,1386.747898,0.0,0.0,0.0,0.0
27.55,1385.820629,0.0,0.0,0.0,0.0
27.566666666666666,1384.900397,0.0,0.0,0.0,0.0
27.583333333333332,1383.987196,0.0,0.0,0.0,0.0
27.6,1383.081013,0.0,0.0,0.0,0.0
27.616666666666667,1382.181831,0.0,0.0,0.0,0.0
27.633333333333333,1381.289635,0.0,0.0,0.0,0.0
27.65,1380.404426,0.0,0.0,0.0,0.0
27.666666666666668,1379.526209,0.0,0.0,0.0,0.0
27.683333333333334,1378.654987,0.0,0.0,0.0,0.0
27.7,1377.790866,0.0,0.0,0.0,0.0
27.716666666666665,1376.934108,0.0,0.0,0.0,0.0
27.733333333333334,1376.084828,0.0,0.0,0.0,0.0
27.75,1375.243227,0.0,0.0,0.0,0.0
27.766666666666666,1374.409786,0.0,0.0,0.0,0.0
27.783333333333335,1373.584708,0.0,0.0,0.0,0.0
27.8,1372.768105,0.0,0.0,0.0,0.0
27.816666666666666,1371.960247,0.0,0.0,0.0,0.0
27.833333333333332,1371.161241,0.0,0.0,0.0,0.0
27.85,1370.37108,0.0,0.0,0.0,0.0
27.866666666666667,1369.589753,0.0,0.0,0.0,0.0
27.883333333333333,1368.817249,0.0,0.0,0.0,0.0
27.9,1368.053574,0.0,0.0,0.0,0.0
27.916666666666668,1367.298747,0.0,0.0,0.0,0.0
27.933333333333334,1366.552781,0.0,0.0,0.0,0.0
27.95,1365.815929,0.0,0.0,0.0,0.0
27.966666666666665,1365.088802,0.0,0.0,0.0,0.0
27.983333333333334,1364.371668,0.0,0.0,0.0,0.0
28.0,1363.664995,0.0,0.0,0.0,0.0
28.016666666666666,1362.969886,0.0,0.0,0.0,0.0
28.033333333333335,1362.286807,0.0,0.0,0.0,0.0
28.05,1361.616026,0.0,0.0,0.0,0.0
28.066666666666666,1360.958151,0.0,0.0,0.0,0.0
28.083333333333332,1360.313432,0.0,0.0,0.0,0.0
28.1,1359.681879,0.0,0.0,0.0,0.0
28.116666666666667,1359.06351,0.0,0.0,0.0,0.0
28.133333333333333,1358.458326,0.0,0.0,0.0,0.0
28.15,1357.866317,0.0,0.0,0.0,0.0
28.166666666666668,1357.287469,0.0,0.0,0.0,0.0
28.183333333333334,1356.721773,0.0,0.0,0.0,0.0
28.2,1356.169335,0.0,0.0,0.0,0.0
28.216666666666665,1355.630421,0.0,0.0,0.0,0.0
28.233333333333334,1355.105143,0.0,0.0,0.0,0.0
28.25,1354.5937,0.0,0.0,0.0,0.0
28.266666666666666,1354.096573,346.4508266666877,110.3817916666738,175.86078500001003,60.2082500000039
28.283333333333335,1353.613958,396.80000000000103,126.50000000000048,201.30000000000024,69.00000000000027
28.3,1353.145968,396.80000000000103,126.50000000000048,201.30000000000024,69.00000000000027
28.316666666666666,1352.692864,396.80000000000103,126.50000000000048,201.30000000000024,69.00000000000027
28.333333333333332,1352.25475,396.80000000000103,126.50000000000048,201.30000000000024,69.00000000000027
28.35,1351.831629,396.80000000000103,126.50000000000048,201.30000000000024,69.00000000000027
28.366666666666667,1351.423506,396.80000000000103,126.50000000000048,201.30000000000024,69.00000000000027
28.383333333333333,1351.030379,396.80000000000103,126.50000000000048,201.30000000000024,69.00000000000027
28.4,1350.652237,396.80000000000103,126.50000000000048,201.30000000000024,69.00000000000027
28.416666666666668,1350.289061,396.80000000000103,126.50000000000048,201.30000000000024,69.00000000000027
28.433333333333334,1349.940839,396.80000000000103,126.50000000000048,201.30000000000024,69.00000000000027
28.45,1349.607561,396.80000000000103,126.50000000000048,201.30000000000024,69.00000000000027
28.466666666666665,1349.289217,396.80000000000103,126.50000000000048,201.30000000000024,69.00000000000027
28.483333333333334,1348.985797,396.80000000000103,126.50000000000048,201.30000000000024,69.00000000000027
28.5,1348.697292,396.80000000000103,126.50000000000048,201.30000000000024,69.00000000000027
28.516666666666666,1348.423687,249.6198238583673,69.16415642111481,157.32434230036077,23.13132513689173
28.533333333333335,1348.164973,249.20000000000144,69.00000000000027,157.2000000000011,23.00000000000009
28.55,1347.921141,249.20000000000144,69.00000000000027,157.2000000000011,23.00000000000009
28.566666666666666,1347.692179,249.20000000000144,69.00000000000027,157.2000000000011,23.00000000000009
28.583333333333332,1347.478081,249.20000000000144,69.00000000000027,157.2000000000011,23.00000000000009
28.6,1347.278849,249.20000000000144,69.00000000000027,157.2000000000011,23.00000000000009
28.616666666666667,1347.094494,249.20000000000144,69.00000000000027,157.2000000000011,23.00000000000009
28.633333333333333,1346.925018,249.20000000000144,69.00000000000027,157.2000000000011,23.00000000000009
28.65,1346.770408,249.20000000000144,69.00000000000027,157.2000000000011,23.00000000000009
28.666666666666668,1346.630637,249.20000000000144,69.00000000000027,157.2000000000011,23.00000000000009
28.683333333333334,1346.505684,249.20000000000144,69.00000000000027,157.2000000000011,23.00000000000009
28.7,1346.395371,249.20000000000144,69.00000000000027,157.2000000000011,23.00000000000009
28.716666666666665,1346.299273,249.20000000000144,69.00000000000027,157.2000000000011,23.00000000000009
28.733333333333334,1346.217198,249.20000000000144,69.00000000000027,157.2000000000011,23.00000000000009
28.75,1346.148817,249.20000000000144,69.00000000000027,157.2000000000011,23.00000000000009
28.766666666666666,1346.093368,180.39698770533863,46.065662568445994,134.26566256844683,0.06566256844581861
28.783333333333335,1346.050521,180.20000000000118,46.00000000000018,134.200000000001,0.0
28.8,1346.020085,180.20000000000118,46.00000000000018,134.200000000001,0.0
28.816666666666666,1346.001628,180.20000000000118,46.00000000000018,134.200000000001,0.0
28.833333333333332,1345.994967,180.20000000000118,46.00000000000018,134.200000000001,0.0
28.85,1346.0001,180.20000000000118,46.00000000000018,134.200000000001,0.0
28.866666666666667,1346.017029,180.20000000000118,46.00000000000018,134.200000000001,0.0
28.883333333333333,1346.045755,180.20000000000118,46.00000000000018,134.200000000001,0.0
28.9,1346.086259,180.20000000000118,46.00000000000018,134.200000000001,0.0
28.916666666666668,1346.138496,180.20000000000118,46.00000000000018,134.200000000001,0.0
28.933333333333334,1346.202435,180.20000000000118,46.00000000000018,134.200000000001,0.0
28.95,1346.277674,180.20000000000118,46.00000000000018,134.200000000001,0.0
28.966666666666665,1346.363265,180.20000000000118,46.00000000000018,134.200000000001,0.0
28.983333333333334,1346.458783,180.20000000000118,46.00000000000018,134.200000000001,0.0
29.0,1346.563497,180.20000000000118,46.00000000000018,134.200000000001,0.0
29.016666666666666,1346.675703,145.7984938526698,23.06566256844591,122.73283128422389,0.0
29.033333333333335,1346.794669,145.70000000000107,23.00000000000009,122.70000000000098,0.0
29.05,1346.919972,145.70000000000107,23.00000000000009,122.70000000000098,0.0
29.066666666666666,1347.050661,145.70000000000107,23.00000000000009,122.70000000000098,0.0
29.083333333333332,1347.186336,145.70000000000107,23.00000000000009,122.70000000000098,0.0
29.1,1347.326967,145.70000000000107,23.00000000000009,122.70000000000098,0.0
29.116666666666667,1347.472507,145.70000000000107,23.00000000000009,122.70000000000098,0.0
29.133333333333333,1347.622939,145.70000000000107,23.00000000000009,122.70000000000098,0.0
29.15,1347.778265,145.70000000000107,23.00000000000009,122.70000000000098,0.0
29.166666666666668,1347.938489,145.70000000000107,23.00000000000009,122.70000000000098,0.0
29.183333333333334,1348.103608,145.70000000000107,23.00000000000009,122.70000000000098,0.0
29.2,1348.273446,145.70000000000107,23.00000000000009,122.70000000000098,0.0
29.216666666666665,1348.447575,145.70000000000107,23.00000000000009,122.70000000000098,0.0
29.233333333333334,1348.625808,145.70000000000107,23.00000000000009,122.70000000000098,0.0
29.25,1348.807822,145.70000000000107,23.00000000000009,122.70000000000098,0.0
29.266666666666666,1348.992865,111.29849385266967,11.532831284222954,99.76566256844671,0.0
29.283333333333335,1349.180613,111.20000000000094,11.500000000000044,99.7000000000009,0.0
29.3,1349.370881,111.20000000000094,11.500000000000044,99.7000000000009,0.0
29.316666666666666,1349.563251,111.20000000000094,11.500000000000044,99.7000000000009,0.0
29.333333333333332,1349.757548,111.20000000000094,11.500000000000044,99.7000000000009,0.0
29.35,1349.953757,111.20000000000094,11.500000000000044,99.7000000000009,0.0
29.366666666666667,1350.151854,111.20000000000094,11.500000000000044,99.7000000000009,0.0
29.383333333333333,1350.351829,111.20000000000094,11.500000000000044,99.7000000000009,0.0
29.4,1350.553689,111.20000000000094,11.500000000000044,99.7000000000009,0.0
29.416666666666668,1350.757451,111.20000000000094,11.500000000000044,99.7000000000009,0.0
29.433333333333334,1350.963122,111.20000000000094,11.500000000000044,99.7000000000009,0.0
29.45,1351.170703,111.20000000000094,11.500000000000044,99.7000000000009,0.0
29.466666666666665,1351.380192,111.20000000000094,11.500000000000044,99.7000000000009,0.0
29.483333333333334,1351.591592,111.20000000000094,11.500000000000044,99.7000000000009,0.0
29.5,1351.804902,111.20000000000094,11.500000000000044,99.7000000000009,0.0
29.516666666666666,1352.020126,78.69151101613733,11.500000000000044,67.19151101613728,0.0
29.533333333333335,1352.237264,78.60000000000055,11.500000000000044,67.1000000000005,0.0
29.55,1352.456317,78.60000000000055,11.500000000000044,67.1000000000005,0.0
29.566666666666666,1352.677289,78.60000000000055,11.500000000000044,67.1000000000005,0.0
29.583333333333332,1352.900179,78.60000000000055,11.500000000000044,67.1000000000005,0.0
29.6,1353.124984,78.60000000000055,11.500000000000044,67.1000000000005,0.0
29.616666666666667,1353.35169,78.60000000000055,11.500000000000044,67.1000000000005,0.0
29.633333333333333,1353.58029,78.60000000000055,11.500000000000044,67.1000000000005,0.0
29.65,1353.810796,78.60000000000055,11.500000000000044,67.1000000000005,0.0
29.666666666666668,1354.04323,78.60000000000055,11.500000000000044,67.1000000000005,0.0
29.683333333333334,1354.277604,78.60000000000055,11.500000000000044,67.1000000000005,0.0
29.7,1354.514076,78.60000000000055,11.500000000000044,67.1000000000005,0.0
29.716666666666665,1354.753012,78.60000000000055,11.500000000000044,67.1000000000005,0.0
29.733333333333334,1354.994578,78.60000000000055,11.500000000000044,67.1000000000005,0.0
29.75,1355.239058,78.60000000000055,11.500000000000044,67.1000000000005,0.0
29.766666666666666,1355.487116,34.624342300359814,0.032831284222909304,34.591511016136906,0.0
29.783333333333335,1355.739037,34.500000000000135,0.0,34.500000000000135,0.0
29.8,1355.99499,34.500000000000135,0.0,34.500000000000135,0.0
29.816666666666666,1356.255349,34.500000000000135,0.0,34.500000000000135,0.0
29.833333333333332,1356.520273,34.500000000000135,0.0,34.500000000000135,0.0
29.85,1356.789769,34.500000000000135,0.0,34.500000000000135,0.0
29.866666666666667,1357.063834,34.500000000000135,0.0,34.500000000000135,0.0
29.883333333333333,1357.34247,34.500000000000135,0.0,34.500000000000135,0.0
29.9,1357.625694,34.500000000000135,0.0,34.500000000000135,0.0
29.916666666666668,1357.91355,34.500000000000135,0.0,34.500000000000135,0.0
29.933333333333334,1358.206067,34.500000000000135,0.0,34.500000000000135,0.0
29.95,1358.503597,34.500000000000135,0.0,34.500000000000135,0.0
29.966666666666665,1358.806971,34.500000000000135,0.0,34.500000000000135,0.0
29.983333333333334,1359.116565,34.500000000000135,0.0,34.500000000000135,0.0
30.0,1359.43302,34.500000000000135,0.0,34.500000000000135,0.0
30.016666666666666,1359.757827,34.500000000000135,0.0,34.500000000000135,0.0
30.033333333333335,1360.091628,34.500000000000135,0.0,34.500000000000135,0.0
30.05,1360.434801,34.500000000000135,0.0,34.500000000000135,0.0
30.066666666666666,1360.788178,34.500000000000135,0.0,34.500000000000135,0.0
30.083333333333332,1361.152115,34.500000000000135,0.0,34.500000000000135,0.0
30.1,1361.526645,34.500000000000135,0.0,34.500000000000135,0.0
30.116666666666667,1361.911814,34.500000000000135,0.0,34.500000000000135,0.0
30.133333333333333,1362.307644,34.500000000000135,0.0,34.500000000000135,0.0
30.15,1362.71414,34.500000000000135,0.0,34.500000000000135,0.0
30.166666666666668,1363.131305,34.500000000000135,0.0,34.500000000000135,0.0
30.183333333333334,1363.55915,34.500000000000135,0.0,34.500000000000135,0.0
30.2,1363.997839,34.500000000000135,0.0,34.500000000000135,0.0
30.216666666666665,1364.447759,34.500000000000135,0.0,34.500000000000135,0.0
30.233333333333334,1364.909084,34.500000000000135,0.0,34.500000000000135,0.0
30.25,1365.38211,34.500000000000135,0.0,34.500000000000135,0.0
30.266666666666666,1365.867514,34.500000000000135,0.0,34.500000000000135,0.0
30.283333333333335,1366.365593,34.500000000000135,0.0,34.500000000000135,0.0
30.3,1366.876521,34.500000000000135,0.0,34.500000000000135,0.0
30.316666666666666,1367.400678,34.500000000000135,0.0,34.500000000000135,0.0
30.333333333333332,1367.938231,34.500000000000135,0.0,34.500000000000135,0.0
30.35,1368.489203,34.500000000000135,0.0,34.500000000000135,0.0
30.366666666666667,1369.053625,34.500000000000135,0.0,34.500000000000135,0.0
30.383333333333333,1369.631518,34.500000000000135,0.0,34.500000000000135,0.0
30.4,1370.222886,34.500000000000135,0.0,34.500000000000135,0.0
30.416666666666668,1370.827725,34.500000000000135,0.0,34.500000000000135,0.0
30.433333333333334,1371.446042,34.500000000000135,0.0,34.500000000000135,0.0
30.45,1372.077851,34.500000000000135,0.0,34.500000000000135,0.0
30.466666666666665,1372.723173,34.500000000000135,0.0,34.500000000000135,0.0
30.483333333333334,1373.382024,34.500000000000135,0.0,34.500000000000135,0.0
30.5,1374.05442,34.500000000000135,0.0,34.500000000000135,0.0
30.516666666666666,1374.740388,23.032831284223,0.0,23.032831284223,0.0
30.533333333333335,1375.439947,23.00000000000009,0.0,23.00000000000009,0.0
30.55,1376.153112,23.00000000000009,0.0,23.00000000000009,0.0
30.566666666666666,1376.879903,23.00000000000009,0.0,23.00000000000009,0.0
30.583333333333332,1377.620337,23.00000000000009,0.0,23.00000000000009,0.0
30.6,1378.374431,23.00000000000009,0.0,23.00000000000009,0.0
30.616666666666667,1379.142214,23.00000000000009,0.0,23.00000000000009,0.0
30.633333333333333,1379.923705,23.00000000000009,0.0,23.00000000000009,0.0
30.65,1380.718911,23.00000000000009,0.0,23.00000000000009,0.0
30.666666666666668,1381.527824,23.00000000000009,0.0,23.00000000000009,0.0
30.683333333333334,1382.350449,23.00000000000009,0.0,23.00000000000009,0.0
30.7,1383.186658,23.00000000000009,0.0,23.00000000000009,0.0
30.716666666666665,1384.03613,23.00000000000009,0.0,23.00000000000009,0.0
30.733333333333334,1384.898731,23.00000000000009,0.0,23.00000000000009,0.0
30.75,1385.774215,23.00000000000009,0.0,23.00000000000009,0.0
30.766666666666666,1386.661991,11.532831284222954,0.0,11.532831284222954,0.0
30.783333333333335,1387.561815,11.500000000000044,0.0,11.500000000000044,0.0
30.8,1388.473546,11.500000000000044,0.0,11.500000000000044,0.0
30.816666666666666,1389.396859,11.500000000000044,0.0,11.500000000000044,0.0
30.833333333333332,1390.331623,11.500000000000044,0.0,11.500000000000044,0.0
30.85,1391.277848,11.500000000000044,0.0,11.500000000000044,0.0
30.866666666666667,1392.235552,11.500000000000044,0.0,11.500000000000044,0.0
30.883333333333333,1393.204752,11.500000000000044,0.0,11.500000000000044,0.0
30.9,1394.185445,11.500000000000044,0.0,11.500000000000044,0.0
30.916666666666668,1395.177609,11.500000000000044,0.0,11.500000000000044,0.0
30.933333333333334,1396.181231,11.500000000000044,0.0,11.500000000000044,0.0
30.95,1397.196,11.500000000000044,0.0,11.500000000000044,0.0
30.966666666666665,1398.221152,11.500000000000044,0.0,11.500000000000044,0.0
30.983333333333334,1399.256353,11.500000000000044,0.0,11.500000000000044,0.0
31.0,1400.301018,11.500000000000044,0.0,11.500000000000044,0.0
31.016666666666666,1401.353766,80.1549700000044,10.034708333333985,70.12026166667042,0.0
31.033333333333335,1402.414009,90.1000000000006,11.500000000000044,78.60000000000056,0.0
31.05,1403.48141,90.1000000000006,11.500000000000044,78.60000000000056,0.0
31.066666666666666,1404.555201,90.1000000000006,11.500000000000044,78.60000000000056,0.0
31.083333333333332,1405.635064,90.1000000000006,11.500000000000044,78.60000000000056,0.0
31.1,1406.72098,90.1000000000006,11.500000000000044,78.60000000000056,0.0
31.116666666666667,1407.81292,90.1000000000006,11.500000000000044,78.60000000000056,0.0
31.133333333333333,1408.910877,90.1000000000006,11.500000000000044,78.60000000000056,0.0
31.15,1410.014859,90.1000000000006,11.500000000000044,78.60000000000056,0.0
31.166666666666668,1411.124878,90.1000000000006,11.500000000000044,78.60000000000056,0.0
31.183333333333334,1412.240939,90.1000000000006,11.500000000000044,78.60000000000056,0.0
31.2,1413.362903,90.1000000000006,11.500000000000044,78.60000000000056,0.0
31.216666666666665,1414.49043,90.1000000000006,11.500000000000044,78.60000000000056,0.0
31.233333333333334,1415.623373,90.1000000000006,11.500000000000044,78.60000000000056,0.0
31.25,1416.761474,90.1000000000006,11.500000000000044,78.60000000000056,0.0
31.266666666666666,1417.904125,0.2556674372513193,0.032831284222909304,0.22283615302840998,0.0
31.283333333333335,1419.051069,0.0,0.0,0.0,0.0
31.3,1420.202158,0.0,0.0,0.0,0.0
31.316666666666666,1421.357057,0.0,0.0,0.0,0.0
31.333333333333332,1422.515629,0.0,0.0,0.0,0.0
31.35,1423.677865,0.0,0.0,0.0,0.0
31.366666666666667,1424.843752,0.0,0.0,0.0,0.0
31.383333333333333,1426.013289,0.0,0.0,0.0,0.0
31.4,1427.186483,0.0,0.0,0.0,0.0
31.416666666666668,1428.363354,0.0,0.0,0.0,0.0
31.433333333333334,1429.543912,0.0,0.0,0.0,0.0
31.45,1430.728157,0.0,0.0,0.0,0.0
31.466666666666665,1431.916085,0.0,0.0,0.0,0.0
31.483333333333334,1433.107696,0.0,0.0,0.0,0.0
31.5,1434.30299,0.0,0.0,0.0,0.0
31.516666666666666,1435.501956,0.0,0.0,0.0,0.0
31.533333333333335,1436.704592,0.0,0.0,0.0,0.0
31.55,1437.910899,0.0,0.0,0.0,0.0
31.566666666666666,1439.120873,0.0,0.0,0.0,0.0
31.583333333333332,1440.334515,0.0,0.0,0.0,0.0
31.6,1441.551833,0.0,0.0,0.0,0.0
31.616666666666667,1442.772845,0.0,0.0,0.0,0.0
31.633333333333333,1443.99756,0.0,0.0,0.0,0.0
31.65,1445.225976,0.0,0.0,0.0,0.0
31.666666666666668,1446.458081,0.0,0.0,0.0,0.0
31.683333333333334,1447.693871,0.0,0.0,0.0,0.0
31.7,1448.933224,0.0,0.0,0.0,0.0
31.716666666666665,1450.175844,0.0,0.0,0.0,0.0
31.733333333333334,1451.421601,0.0,0.0,0.0,0.0
31.75,1452.670266,0.0,0.0,0.0,0.0
31.766666666666666,1453.9213,0.0,0.0,0.0,0.0
31.783333333333335,1455.174472,0.0,0.0,0.0,0.0
31.8,1456.42965,0.0,0.0,0.0,0.0
31.816666666666666,1457.686527,0.0,0.0,0.0,0.0
31.833333333333332,1458.944978,0.0,0.0,0.0,0.0
31.85,1460.205,0.0,0.0,0.0,0.0
31.866666666666667,1461.466599,0.0,0.0,0.0,0.0
31.883333333333333,1462.729776,0.0,0.0,0.0,0.0
31.9,1463.99452,0.0,0.0,0.0,0.0
31.916666666666668,1465.2608,0.0,0.0,0.0,0.0
31.933333333333334,1466.528595,0.0,0.0,0.0,0.0
31.95,1467.797625,0.0,0.0,0.0,0.0
31.966666666666665,1469.06722,0.0,0.0,0.0,0.0
31.983333333333334,1470.337081,0.0,0.0,0.0,0.0
32.0,1471.606694,0.0,0.0,0.0,0.0
32.016666666666666,1472.874855,436.763201666691,150.52062500000864,175.86078500001003,110.38179166667229
32.03333333333333,1474.141047,500.29999999999836,172.49999999999943,201.30000000000024,126.4999999999987
32.05,1475.404968,500.29999999999836,172.49999999999943,201.30000000000024,126.4999999999987
32.06666666666667,1476.665944,500.29999999999836,172.49999999999943,201.30000000000024,126.4999999999987
32.083333333333336,1477.923691,500.29999999999836,172.49999999999943,201.30000000000024,126.4999999999987
32.1,1479.178179,500.29999999999836,172.49999999999943,201.30000000000024,126.4999999999987
32.11666666666667,1480.429374,500.29999999999836,172.49999999999943,201.30000000000024,126.4999999999987
32.13333333333333,1481.677257,500.29999999999836,172.49999999999943,201.30000000000024,126.4999999999987
32.15,1482.921823,500.29999999999836,172.49999999999943,201.30000000000024,126.4999999999987
32.166666666666664,1484.163073,500.29999999999836,172.49999999999943,201.30000000000024,126.4999999999987
32.18333333333333,1485.400998,500.29999999999836,172.49999999999943,201.30000000000024,126.4999999999987
32.2,1486.635469,500.29999999999836,172.49999999999943,201.30000000000024,126.4999999999987
32.21666666666667,1487.866184,500.29999999999836,172.49999999999943,201.30000000000024,126.4999999999987
32.233333333333334,1489.093004,500.29999999999836,172.49999999999943,201.30000000000024,126.4999999999987
32.25,1490.315697,500.29999999999836,172.49999999999943,201.30000000000024,126.4999999999987
32.266666666666666,1491.533731,56.86645441163001,0.4924692633436361,56.012841021834376,0.3611441264519974
32.28333333333333,1492.746872,55.60000000000046,0.0,55.60000000000046,0.0
32.3,1493.954982,55.60000000000046,0.0,55.60000000000046,0.0
32.31666666666667,1495.157763,55.60000000000046,0.0,55.60000000000046,0.0
32.333333333333336,1496.355083,55.60000000000046,0.0,55.60000000000046,0.0
32.35,1497.546924,55.60000000000046,0.0,55.60000000000046,0.0
32.36666666666667,1498.733259,55.60000000000046,0.0,55.60000000000046,0.0
32.38333333333333,1499.914074,55.60000000000046,0.0,55.60000000000046,0.0
32.4,1501.089366,55.60000000000046,0.0,55.60000000000046,0.0
32.416666666666664,1502.259141,55.60000000000046,0.0,55.60000000000046,0.0
32.43333333333333,1503.423396,55.60000000000046,0.0,55.60000000000046,0.0
32.45,1504.582129,55.60000000000046,0.0,55.60000000000046,0.0
32.46666666666667,1505.735348,55.60000000000046,0.0,55.60000000000046,0.0
32.483333333333334,1506.88305,55.60000000000046,0.0,55.60000000000046,0.0
32.5,1508.025238,55.60000000000046,0.0,55.60000000000046,0.0
32.516666666666666,1509.161929,11.624342300359729,0.0,11.624342300359729,0.0
32.53333333333333,1510.293129,11.500000000000044,0.0,11.500000000000044,0.0
32.55,1511.418835,11.500000000000044,0.0,11.500000000000044,0.0
32.56666666666667,1512.539059,11.500000000000044,0.0,11.500000000000044,0.0
32.583333333333336,1513.653801,11.500000000000044,0.0,11.500000000000044,0.0
32.6,1514.763039,11.500000000000044,0.0,11.500000000000044,0.0
32.61666666666667,1515.86673,11.500000000000044,0.0,11.500000000000044,0.0
32.63333333333333,1516.964852,11.500000000000044,0.0,11.500000000000044,0.0
32.65,1518.057421,11.500000000000044,0.0,11.500000000000044,0.0
32.666666666666664,1519.144489,11.500000000000044,0.0,11.500000000000044,0.0
32.68333333333333,1520.226086,11.500000000000044,0.0,11.500000000000044,0.0
32.7,1521.302623,11.500000000000044,0.0,11.500000000000044,0.0
32.71666666666667,1522.375086,11.500000000000044,0.0,11.500000000000044,0.0
32.733333333333334,1523.443914,11.500000000000044,0.0,11.500000000000044,0.0
32.75,1524.509872,11.500000000000044,0.0,11.500000000000044,0.0
32.766666666666666,1525.574746,783.2916800110322,223.77516666851074,252.45209667217583,307.0644166703456
32.78333333333333,1526.639304,894.7827867003257,256.31379778338703,286.8413933501654,351.6275955667732
32.8,1527.703995,894.7827867003257,256.31379778338703,286.8413933501654,351.6275955667732
32.81666666666667,1528.769833,894.7827867003257,256.31379778338703,286.8413933501654,351.6275955667732
32.833333333333336,1529.837242,894.7827867003257,256.31379778338703,286.8413933501654,351.6275955667732
32.85,1530.906238,894.7827867003257,256.31379778338703,286.8413933501654,351.6275955667732
32.86666666666667,1531.976814,894.7827867003257,256.31379778338703,286.8413933501654,351.6275955667732
32.88333333333333,1533.04897,894.7827867003257,256.31379778338703,286.8413933501654,351.6275955667732
32.9,1534.122753,894.7827867003257,256.31379778338703,286.8413933501654,351.6275955667732
32.916666666666664,1535.198276,894.7827867003257,256.31379778338703,286.8413933501654,351.6275955667732
32.93333333333333,1536.275616,894.7827867003257,256.31379778338703,286.8413933501654,351.6275955667732
32.95,1537.355717,894.7827867003257,256.31379778338703,286.8413933501654,351.6275955667732
32.96666666666667,1538.440813,894.7827867003257,256.31379778338703,286.8413933501654,351.6275955667732
32.983333333333334,1539.531911,894.7827867003257,256.31379778338703,286.8413933501654,351.6275955667732
33.0,1540.630735,894.7827867003257,256.31379778338703,286.8413933501654,351.6275955667732
33.016666666666666,1541.741295,781.6580345839543,230.0727157937073,260.60031136048485,290.9850074297621
33.03333333333333,1542.865322,781.3413933501608,229.9999999999991,260.52759556677665,290.81379778338516
33.05,1544.003833,781.3413933501608,229.9999999999991,260.52759556677665,290.81379778338516
33.06666666666667,1545.159074,781.3413933501608,229.9999999999991,260.52759556677665,290.81379778338516
33.083333333333336,1546.332007,781.3413933501608,229.9999999999991,260.52759556677665,290.81379778338516
33.1,1547.52273,781.3413933501608,229.9999999999991,260.52759556677665,290.81379778338516
33.11666666666667,1548.731373,781.3413933501608,229.9999999999991,260.52759556677665,290.81379778338516
33.13333333333333,1549.958006,781.3413933501608,229.9999999999991,260.52759556677665,290.81379778338516
33.15,1551.202649,781.3413933501608,229.9999999999991,260.52759556677665,290.81379778338516
33.166666666666664,1552.465318,781.3413933501608,229.9999999999991,260.52759556677665,290.81379778338516
33.18333333333333,1553.746045,781.3413933501608,229.9999999999991,260.52759556677665,290.81379778338516
33.2,1555.045278,781.3413933501608,229.9999999999991,260.52759556677665,290.81379778338516
33.21666666666667,1556.364033,781.3413933501608,229.9999999999991,260.52759556677665,290.81379778338516
33.233333333333334,1557.702784,781.3413933501608,229.9999999999991,260.52759556677665,290.81379778338516
33.25,1559.062317,781.3413933501608,229.9999999999991,260.52759556677665,290.81379778338516
33.266666666666666,1560.444422,25.150321350314403,0.6566256844581806,23.665860335021115,0.8278353308351084
33.28333333333333,1561.849888,23.00000000000009,0.0,23.00000000000009,0.0
33.3,1563.279189,23.00000000000009,0.0,23.00000000000009,0.0
33.31666666666667,1564.733335,23.00000000000009,0.0,23.00000000000009,0.0
33.333333333333336,1566.212778,23.00000000000009,0.0,23.00000000000009,0.0
33.35,1567.717594,23.00000000000009,0.0,23.00000000000009,0.0
33.36666666666667,1569.247882,23.00000000000009,0.0,23.00000000000009,0.0
33.38333333333333,1570.803708,23.00000000000009,0.0,23.00000000000009,0.0
33.4,1572.385098,23.00000000000009,0.0,23.00000000000009,0.0
33.416666666666664,1573.992057,23.00000000000009,0.0,23.00000000000009,0.0
33.43333333333333,1575.624612,23.00000000000009,0.0,23.00000000000009,0.0
33.45,1577.2828,23.00000000000009,0.0,23.00000000000009,0.0
33.46666666666667,1578.966649,23.00000000000009,0.0,23.00000000000009,0.0
33.483333333333334,1580.676199,23.00000000000009,0.0,23.00000000000009,0.0
33.5,1582.411479,23.00000000000009,0.0,23.00000000000009,0.0
33.516666666666666,1584.172502,0.06566256844581861,0.0,0.06566256844581861,0.0
33.53333333333333,1585.959301,0.0,0.0,0.0,0.0
33.55,1587.771912,0.0,0.0,0.0,0.0
33.56666666666667,1589.610363,0.0,0.0,0.0,0.0
33.583333333333336,1591.474693,0.0,0.0,0.0,0.0
33.6,1593.364971,0.0,0.0,0.0,0.0
33.61666666666667,1595.281294,0.0,0.0,0.0,0.0
33.63333333333333,1597.223734,0.0,0.0,0.0,0.0
33.65,1599.192312,0.0,0.0,0.0,0.0
33.666666666666664,1601.187009,0.0,0.0,0.0,0.0
33.68333333333333,1603.207833,0.0,0.0,0.0,0.0
33.7,1605.25431,0.0,0.0,0.0,0.0
33.71666666666667,1607.325241,0.0,0.0,0.0,0.0
33.733333333333334,1609.420117,0.0,0.0,0.0,0.0
33.75,1611.538022,0.0,0.0,0.0,0.0
33.766666666666666,1613.676746,0.0,0.0,0.0,0.0
33.78333333333333,1615.835365,0.0,0.0,0.0,0.0
33.8,1618.013353,0.0,0.0,0.0,0.0
33.81666666666667,1620.209479,0.0,0.0,0.0,0.0
33.833333333333336,1622.423246,0.0,0.0,0.0,0.0
33.85,1624.654678,0.0,0.0,0.0,0.0
33.86666666666667,1626.903826,0.0,0.0,0.0,0.0
33.88333333333333,1629.170732,0.0,0.0,0.0,0.0
33.9,1631.455378,0.0,0.0,0.0,0.0
33.916666666666664,1633.757667,0.0,0.0,0.0,0.0
33.93333333333333,1636.077545,0.0,0.0,0.0,0.0
33.95,1638.413876,0.0,0.0,0.0,0.0
33.96666666666667,1640.763906,0.0,0.0,0.0,0.0
33.983333333333334,1643.126415,0.0,0.0,0.0,0.0
34.0,1645.499287,0.0,0.0,0.0,0.0
34.016666666666666,1647.877541,0.0,0.0,0.0,0.0
34.03333333333333,1650.259044,0.0,0.0,0.0,0.0
34.05,1652.642554,0.0,0.0,0.0,0.0
34.06666666666667,1655.02529,0.0,0.0,0.0,0.0
34.083333333333336,1657.406076,0.0,0.0,0.0,0.0
34.1,1659.784812,0.0,0.0,0.0,0.0
34.11666666666667,1662.16136,0.0,0.0,0.0,0.0
34.13333333333333,1664.535658,0.0,0.0,0.0,0.0
34.15,1666.907704,0.0,0.0,0.0,0.0
34.166666666666664,1669.277508,0.0,0.0,0.0,0.0
34.18333333333333,1671.64505,0.0,0.0,0.0,0.0
34.2,1674.009805,0.0,0.0,0.0,0.0
34.21666666666667,1676.370528,0.0,0.0,0.0,0.0
34.233333333333334,1678.726657,0.0,0.0,0.0,0.0
34.25,1681.077241,0.0,0.0,0.0,0.0
34.266666666666666,1683.420078,1055.729800020204,258.3144700055085,309.89055667584205,487.5247733388535
34.28333333333333,1685.754209,1207.4517756172643,295.54139335016276,353.7689889169412,558.1413933501603
34.3,1688.079072,1207.4517756172643,295.54139335016276,353.7689889169412,558.1413933501603
34.31666666666667,1690.393431,1207.4517756172643,295.54139335016276,353.7689889169412,558.1413933501603
34.333333333333336,1692.696753,1207.4517756172643,295.54139335016276,353.7689889169412,558.1413933501603
34.35,1694.988967,1207.4517756172643,295.54139335016276,353.7689889169412,558.1413933501603
34.36666666666667,1697.269979,1207.4517756172643,295.54139335016276,353.7689889169412,558.1413933501603
34.38333333333333,1699.539733,1207.4517756172643,295.54139335016276,353.7689889169412,558.1413933501603
34.4,1701.798227,1207.4517756172643,295.54139335016276,353.7689889169412,558.1413933501603
34.416666666666664,1704.045483,1207.4517756172643,295.54139335016276,353.7689889169412,558.1413933501603
34.43333333333333,1706.281498,1207.4517756172643,295.54139335016276,353.7689889169412,558.1413933501603
34.45,1708.506255,1207.4517756172643,295.54139335016276,353.7689889169412,558.1413933501603
34.46666666666667,1710.719748,1207.4517756172643,295.54139335016276,353.7689889169412,558.1413933501603
34.483333333333334,1712.921961,1207.4517756172643,295.54139335016276,353.7689889169412,558.1413933501603
34.5,1715.112886,1207.4517756172643,295.54139335016276,353.7689889169412,558.1413933501603
34.516666666666666,1717.292539,1041.2860698436407,267.8865839658251,305.10242509040336,468.2970607874122
34.53333333333333,1719.460911,1040.8241800504888,267.81379778338646,304.9689889169417,468.0413933501608
34.55,1721.61799,1040.8241800504888,267.81379778338646,304.9689889169417,468.0413933501608
34.56666666666667,1723.763778,1040.8241800504888,267.81379778338646,304.9689889169417,468.0413933501608
34.583333333333336,1725.898262,1040.8241800504888,267.81379778338646,304.9689889169417,468.0413933501608
34.6,1728.021402,1040.8241800504888,267.81379778338646,304.9689889169417,468.0413933501608
34.61666666666667,1730.133133,1040.8241800504888,267.81379778338646,304.9689889169417,468.0413933501608
34.63333333333333,1732.233413,1040.8241800504888,267.81379778338646,304.9689889169417,468.0413933501608
34.65,1734.322251,1040.8241800504888,267.81379778338646,304.9689889169417,468.0413933501608
34.666666666666664,1736.399692,1040.8241800504888,267.81379778338646,304.9689889169417,468.0413933501608
34.68333333333333,1738.465762,1040.8241800504888,267.81379778338646,304.9689889169417,468.0413933501608
34.7,1740.520936,1040.8241800504888,267.81379778338646,304.9689889169417,468.0413933501608
34.71666666666667,1742.566383,1040.8241800504888,267.81379778338646,304.9689889169417,468.0413933501608
34.733333333333334,1744.602616,1040.8241800504888,267.81379778338646,304.9689889169417,468.0413933501608
34.75,1746.630535,1040.8241800504888,267.81379778338646,304.9689889169417,468.0413933501608
34.766666666666666,1748.652266,2796.0661084113763,662.3705961277241,606.3315739206186,1527.3639383630336
34.78333333333333,1750.668715,3043.6311468013037,717.3965844837126,648.8965844837163,1677.337977833875
34.8,1752.680413,3043.6311468013037,717.3965844837126,648.8965844837163,1677.337977833875
34.81666666666667,1754.688558,3043.6311468013037,717.3965844837126,648.8965844837163,1677.337977833875
34.833333333333336,1756.693653,3043.6311468013037,717.3965844837126,648.8965844837163,1677.337977833875
34.85,1758.695704,3043.6311468013037,717.3965844837126,648.8965844837163,1677.337977833875
34.86666666666667,1760.694699,3043.6311468013037,717.3965844837126,648.8965844837163,1677.337977833875
34.88333333333333,1762.690628,3043.6311468013037,717.3965844837126,648.8965844837163,1677.337977833875
34.9,1764.683541,3043.6311468013037,717.3965844837126,648.8965844837163,1677.337977833875
34.916666666666664,1766.673562,3043.6311468013037,717.3965844837126,648.8965844837163,1677.337977833875
34.93333333333333,1768.660776,3043.6311468013037,717.3965844837126,648.8965844837163,1677.337977833875
34.95,1770.646292,3043.6311468013037,717.3965844837126,648.8965844837163,1677.337977833875
34.96666666666667,1772.63275,3043.6311468013037,717.3965844837126,648.8965844837163,1677.337977833875
34.983333333333334,1774.621336,3043.6311468013037,717.3965844837126,648.8965844837163,1677.337977833875
35.0,1776.614086,3043.6311468013037,717.3965844837126,648.8965844837163,1677.337977833875
35.016666666666666,1778.615748,5657.443154724415,1349.3709078372121,1391.1770095038921,2916.8952373833113
35.03333333333333,1780.628368,6012.516002295866,1435.0483601009796,1494.8483601009793,3082.6192820939077
35.05,1782.653149,6011.539786797317,1435.0483601009796,1494.8483601009793,3081.6430665953585
35.06666666666667,1784.692752,6011.538249270374,1435.0483601009796,1494.8483601009793,3081.641529068415
35.083333333333336,1786.748316,5992.766404330394,1435.0483601009796,1494.8483601009793,3062.869684128435
35.1,1788.819959,5988.54590355067,1435.0483601009796,1494.8483601009793,3058.6491833487107
35.11666666666667,1790.907836,5988.538249270374,1435.0483601009796,1494.8483601009793,3058.6415290684154
35.13333333333333,1793.01203,5988.538249270374,1435.0483601009796,1494.8483601009793,3058.6415290684154
35.15,1795.132567,5984.624397936937,1435.0483601009796,1494.5159333041977,3055.0601045317594
35.166666666666664,1797.269466,5957.265779313288,1435.0483601009796,1475.0558352556307,3047.161583956678
35.18333333333333,1799.42277,5928.5443265334525,1435.0483601009796,1456.0052465756528,3037.49071985682
35.2,1801.59301,5919.556521939249,1435.0483601009796,1448.8636425234122,3035.6445193148575
35.21666666666667,1803.781408,5917.312852688148,1435.0483601009796,1446.6229635187537,3035.641529068415
35.233333333333334,1805.988532,5909.956649910322,1435.0483601009796,1439.2667607409276,3035.641529068415
35.25,1808.215322,5909.938249270375,1435.0483601009796,1439.2483601009808,3035.641529068415
35.266666666666666,1810.463924,5668.222834439095,1406.3259054440523,1363.861424515952,2898.0355044790904
35.28333333333333,1812.735286,5665.264753486117,1403.9748643167216,1363.6483601009807,2897.6415290684145
35.3,1815.029975,5657.956497513913,1396.6666083445177,1363.6483601009807,2897.6415290684145
35.31666666666667,1817.349206,5656.425327191282,1396.6483601009795,1363.6483601009807,2896.128606989322
35.333333333333336,1819.693519,5646.465440160843,1396.6483601009795,1363.6483601009807,2886.1687199588832
35.35,1822.063009,5646.438249270374,1396.6483601009795,1363.6483601009807,2886.1415290684145
35.36666666666667,1824.457795,5646.438249270374,1396.6483601009795,1363.6483601009807,2886.1415290684145
35.38333333333333,1826.877957,5646.438249270374,1396.6483601009795,1363.6483601009807,2886.1415290684145
35.4,1829.323525,5642.074666102906,1392.284776933511,1363.6483601009807,2886.1415290684145
35.416666666666664,1831.794509,5636.850234532145,1387.06034536275,1363.6483601009807,2886.1415290684145
35.43333333333333,1834.290942,5631.521406461244,1386.5800204094082,1363.6483601009807,2881.293025950855
35.45,1836.812873,5607.069367893899,1377.472577225438,1354.939240452597,2874.6575502158644
35.46666666666667,1839.360352,5604.243491792253,1377.4483601009797,1352.1536026228594,2874.641529068414
35.483333333333334,1841.93343,5604.238249270375,1377.4483601009797,1352.1483601009807,2874.641529068414
35.5,1844.532154,5604.238249270375,1377.4483601009797,1352.1483601009807,2874.641529068414
35.516666666666666,1847.156565,5650.643585932721,1402.7885201009803,1410.4799636755429,2837.3751021561975
35.53333333333333,1849.806711,5645.558702707466,1406.2483601009797,1410.7269331282694,2828.583409478217
35.55,1852.482642,5591.919288141637,1406.2483601009797,1391.225877687213,2794.4450503534435
35.56666666666667,1855.184401,5581.25859870183,1406.2483601009797,1388.5532529814607,2786.45698561939
35.583333333333336,1857.912042,5577.146734880324,1404.5226161758103,1386.1825896360992,2786.4415290684146
35.6,1860.665645,5566.066677163252,1401.4655190339897,1378.1596290608481,2786.4415290684146
35.61666666666667,1863.445332,5539.8584624131945,1393.3595461360226,1370.8700097951807,2775.628906481991
35.63333333333333,1866.251187,5528.535948378647,1389.4985522702984,1364.0953153102337,2774.942080798115
35.65,1869.083229,5519.02661800261,1383.29281002563,1360.7922789085655,2774.9415290684146
35.666666666666664,1871.941421,5488.989979932983,1380.4260069904117,1344.252920899394,2764.311052043177
35.68333333333333,1874.825764,5468.437106757088,1380.4207645342028,1324.573905831496,2763.4424363913895
35.7,1877.73562,5435.196135067396,1380.4207645342028,1301.6753746222357,2753.0999959109577
35.71666666666667,1880.669395,5418.63345293762,1380.4207645342028,1293.6571307928496,2744.5555576105676
35.733333333333334,1883.626409,5370.983767216841,1373.1618659059047,1259.9242636631077,2737.8976376478295
35.75,1886.605434,5353.820896292407,1370.8251025258298,1252.8155433696918,2730.1802503968856
35.766666666666666,1889.603543,4966.182681294715,1344.5796825445243,1216.2401788807892,2405.362819869402
35.78333333333333,1892.619502,4960.208246698467,1344.506966750816,1213.8020694828663,2401.899210464784
35.8,1895.6526,4957.824278369793,1344.506966750816,1212.1009832875463,2401.2163283314317
35.81666666666667,1898.701199,4955.780538662723,1344.506966750816,1210.6226866705454,2400.6508852413617
35.833333333333336,1901.764626,4941.0863221783675,1341.308909927914,1199.6027808541094,2400.174631396344
35.85,1904.842897,4922.080508039764,1334.9223574462576,1193.819590689019,2393.3385599044873
35.86666666666667,1907.936063,4898.469243968937,1334.9069667508159,1189.787889761176,2373.774387456945
35.88333333333333,1911.044165,4887.304975595356,1334.8808230012608,1185.9796301461358,2366.4445224479596
35.9,1914.167158,4858.963864424833,1329.288294672604,1167.4823594899453,2362.1932102622836
35.916666666666664,1917.304899,4842.349712252191,1326.3785998984051,1160.1831307188402,2355.7879816349455
35.93333333333333,1920.457294,4829.229646319811,1324.9957326981425,1148.5966721199723,2355.637241501696
35.95,1923.622812,4817.306983611912,1324.9931689674277,1140.3449328126683,2351.968881831817
35.96666666666667,1926.797763,4793.091682428499,1324.9931689674277,1133.0947960071665,2335.0037174539048
35.983333333333334,1929.980501,4776.163532514092,1324.9931689674277,1130.1569174901647,2321.0134460565
36.0,1933.168185,4741.73341867003,1324.9931689674277,1122.988269658228,2293.751980044374
36.016666666666666,1936.354157,4405.819465672594,1312.2589354272718,1136.557633380925,1957.0028968643971
36.03333333333333,1939.535551,4394.907541423359,1315.3931689674278,1128.9275353257424,1950.586837130189
36.05,1942.710693,4370.704495720833,1315.3931689674278,1119.6453887297807,1935.6659380236242
36.06666666666667,1945.875851,4352.99671404731,1315.3931689674278,1105.8501239973045,1931.7534210825777
36.083333333333336,1949.029438,4334.4118112314945,1315.3931689674278,1095.702823078464,1923.3158191856025
36.1,1952.171298,4297.410348436959,1292.4372420479476,1090.419044750562,1914.5540616384494
36.11666666666667,1955.301227,4263.731374425542,1277.026975447995,1072.1732521762383,1914.5311468013085
36.13333333333333,1958.41912,4212.384448193748,1265.0068681276655,1041.430816199238,1905.9467638668436
36.15,1961.524953,4188.5105241408855,1257.8082755172989,1032.9265368067038,1897.7757118168831
36.166666666666664,1964.618713,4185.339737317689,1257.3885016370234,1032.6155056574414,1895.3357300232237
36.18333333333333,1967.700359,4159.017244165042,1235.574636338621,1028.1114610251125,1895.3311468013087
36.2,1970.769163,4125.548744518145,1229.006528706466,1001.2110690103706,1895.3311468013087
36.21666666666667,1973.823439,4121.3389765102265,1228.993168967428,999.3738821060098,1892.9719254367885
36.233333333333334,1976.862415,4106.843596387131,1228.993168967428,995.8117057963391,1882.0387216233637
36.25,1979.884797,4081.5105211903997,1228.993168967428,980.4537639431418,1872.0635882798301
36.266666666666666,1982.887614,3637.923216207503,1233.0858530531018,937.3450740926788,1467.4922890617227
36.28333333333333,1985.869569,3616.2193414997137,1234.4429656939208,918.666203340887,1463.1101724649059
36.3,1988.829883,3593.417150803999,1232.3100674412242,908.5873998427742,1452.5196835200002
36.31666666666667,1991.766889,3543.59808803744,1208.012441335677,901.0706327610486,1434.5150139407142
36.333333333333336,1994.67985,3525.9873316526846,1193.9385554201394,901.0517756172673,1430.9970006152782
36.35,1997.568653,3511.587425863171,1193.3647868818994,892.6760772858859,1425.5465616953863
36.36666666666667,2000.433153,3489.3937732062614,1179.313342579312,888.6816596193402,1421.3987710076092
36.38333333333333,2003.273259,3447.7305163890765,1156.8677435369273,878.5622799647668,1412.3004928873825
36.4,2006.088945,3400.4150297311953,1123.854535837934,875.5332581699179,1401.0272357233437
36.416666666666664,2008.880225,3366.853645461347,1117.119767845788,868.9539547398929,1380.7799228756658
36.43333333333333,2011.647073,3329.0209371776186,1117.1069667508164,860.4947931900094,1351.4191772367928
36.45,2014.389443,3310.308907307266,1113.1282278905994,855.9475733412659,1341.233106075401
36.46666666666667,2017.107288,3276.2567267979775,1100.8277162548507,849.7527862439151,1325.6762242992115
36.483333333333334,2019.800562,3252.3914243272056,1093.4588196949694,848.1860181371609,1310.7465864950755
36.5,2022.469224,3227.1313875022342,1081.6175718453658,837.5705568066031,1307.9432588502655
36.516666666666666,2025.113242,2773.667450587983,965.3464563982243,831.3677270400786,976.9532671496797
36.53333333333333,2027.732573,2732.629197381481,955.5227277949801,833.8344988271307,943.27197075937
36.55,2030.327178,2701.2076905836066,943.7045204126138,833.5005077060788,924.0026624649142
36.56666666666667,2032.897021,2677.795346751897,930.1454161004245,833.2157119701488,914.4342186813236
36.583333333333336,2035.442061,2636.7557996304517,911.241068230813,830.703532050433,894.8111993492056
36.6,2037.962233,2603.2239871932334,895.2818454338303,822.4771100134492,885.4650317459541
36.61666666666667,2040.457451,2590.790858753569,888.8191209705662,822.0111520563992,879.9605857266035
36.63333333333333,2042.927647,2565.5141281835204,881.5917870248899,822.0103822671016,861.9119588915289
36.65,2045.372812,2553.0853459394957,881.2772344307731,822.0103822671016,849.797729241621
36.666666666666664,2047.792967,2523.9670396099864,880.4109217176156,811.2171173708366,832.339000521534
36.68333333333333,2050.188117,2467.8899217249937,872.9247747270517,777.405636851027,817.5595101469147
36.7,2052.558719,2432.442085069318,863.3721589518755,758.7740101026144,810.2959160148284
36.71666666666667,2054.905925,2398.5040348321863,858.9685848586504,754.9183579364809,784.617092037055
36.733333333333334,2057.230228,2361.71975410315,847.6717272046463,754.9103822671027,759.137644631401
36.75,2059.532511,2342.964895519456,837.067376750484,754.9103822671027,750.9871365018694
36.766666666666666,2061.814884,1785.9930049023183,387.6889426180671,711.0142983562585,687.2897639279926
36.78333333333333,2064.078239,1777.8166813917965,381.85269722585855,709.1563176823634,686.8076664835745
36.8,2066.323084,1764.5666474179625,377.9635071350155,700.9467516693759,685.6563886135712
36.81666666666667,2068.550602,1737.599034070093,370.39135837345975,691.6352382573866,675.5724374392466
36.833333333333336,2070.761275,1713.0179078628876,358.7825343433332,691.6103822671039,662.6249912524505
36.85,2072.955093,1703.0830062935606,358.7551911335528,683.8279597825799,660.4998553774279
36.86666666666667,2075.132016,1679.851901441725,358.7551911335528,677.6553630424744,643.4413472656977
36.88333333333333,2077.292016,1648.277966327433,353.3858702053496,660.5607642408297,634.3313318812536
36.9,2079.435125,1637.2160291950265,349.16440991371906,655.0769059829073,632.9747132984002
36.916666666666664,2081.561447,1631.6554303024677,349.1551911335525,653.8713112903686,628.6289278785466
36.93333333333333,2083.671047,1624.8862264496586,348.3712163071042,652.8638070258401,623.6512031167143
36.95,2085.765029,1589.853026434656,331.4871941425747,648.9082503649379,609.4575819271435
36.96666666666667,2087.846046,1571.7517649640808,319.7919848481272,647.5128919383318,604.4468881776219
36.983333333333334,2089.915278,1535.8072635187923,312.7831748541702,643.345852649246,579.6782360153761
37.0,2091.974765,1510.024226813334,306.88925711964777,635.9437494411233,567.191220252563
